tag,gen,idx,maxIter,fpsErr,gpuTimeMs,boundary,density,rank
EVAL,0,0,242,206.101,2.53872,10399,0.180996,-1
EVAL,0,1,10388,520.929,12.6469,4450,0.207075,-1
EVAL,0,2,15957,540.708,16.8658,3933,0.207411,-1
EVAL,0,3,15460,537.194,15.9221,4005,0.207392,-1
EVAL,0,4,13106,508.081,10.8792,4185,0.207278,-1
EVAL,0,5,1725,51.4175,1.82288,6405,0.202482,-1
EVAL,0,6,16495,542.456,17.3779,3883,0.207429,-1
EVAL,0,7,8642,482.673,8.5232,4509,0.207264,-1
EVAL,0,8,13925,523.459,13.065,4129,0.207714,-1
EVAL,0,9,970,514.877,0.89696,7404,0.199334,-1
EVAL,0,10,2589,251.091,2.86608,5834,0.204397,-1
EVAL,0,11,7397,471.942,7.80896,4646,0.207074,-1
EVAL,0,12,6531,434.477,6.04144,4639,0.206798,-1
EVAL,0,13,7967,463.974,7.35152,4600,0.20735,-1
EVAL,0,14,11305,495.518,9.57104,4196,0.208025,-1
EVAL,0,15,12712,504.914,10.5168,4051,0.208419,-1
EVAL,0,16,3561,262.855,2.96608,5164,0.206696,-1
EVAL,0,17,9718,491.812,9.2432,4281,0.209031,-1
EVAL,0,18,4727,346.007,3.93712,4769,0.208446,-1
EVAL,0,19,12136,505.051,10.532,3982,0.210059,-1
EVAL,0,20,12231,501.587,10.1613,3979,0.21056,-1
EVAL,0,21,5058,378.29,4.5104,4512,0.209867,-1
EVAL,0,22,15206,521.872,12.7995,3615,0.211667,-1
EVAL,0,23,8874,466.207,7.47424,4283,0.212077,-1
EVAL,0,24,6179,405.096,5.13072,4353,0.211979,-1
EVAL,0,25,3986,311.236,3.46304,4713,0.211604,-1
EVAL,0,26,16028,533.84,15.1149,3498,0.21403,-1
EVAL,0,27,18217,533.885,15.1251,3256,0.214831,-1
EVAL,0,28,4719,344.908,3.92016,4518,0.214074,-1
EVAL,0,29,19949,545.299,18.2813,3036,0.215953,-1
EVAL,0,30,12368,498.857,9.88704,3677,0.216774,-1
EVAL,0,31,3973,297.043,3.3008,4635,0.215433,-1
EVAL,0,32,3460,255.515,2.90288,4807,0.21587,-1
EVAL,0,33,6388,408.716,5.22784,4128,0.217842,-1
EVAL,0,34,6805,416.624,5.45328,4130,0.217945,-1
EVAL,0,35,13756,514.31,11.6699,3558,0.218582,-1
EVAL,0,36,18264,534.902,15.3614,3123,0.218732,-1
EVAL,0,37,14229,519.615,12.4402,3492,0.218591,-1
EVAL,0,38,1027,594.344,0.83728,6749,0.211772,-1
EVAL,0,39,8436,451.219,6.72128,4017,0.218315,-1
EVAL,0,40,5136,365.619,4.26656,4333,0.217702,-1
EVAL,0,41,9813,472.818,7.86272,3897,0.218516,-1
EVAL,0,42,3020,242.428,2.79664,4977,0.216137,-1
EVAL,0,43,1345,183.699,1.276,6148,0.213267,-1
EVAL,0,44,16196,522.904,12.9709,3306,0.218987,-1
EVAL,0,45,15729,524.435,13.2336,3347,0.218996,-1
EVAL,0,46,1141,505.217,0.9048,6457,0.212574,-1
EVAL,0,47,6051,392.676,4.82336,4142,0.218177,-1
FRONT,0,0,242,206.101,2.53872,10399,0.180996,0
FRONT,0,1,10388,520.929,12.6469,4450,0.207075,0
FRONT,0,2,15957,540.708,16.8658,3933,0.207411,0
FRONT,0,3,15460,537.194,15.9221,4005,0.207392,0
FRONT,0,4,13106,508.081,10.8792,4185,0.207278,0
FRONT,0,5,1725,51.4175,1.82288,6405,0.202482,0
FRONT,0,6,16495,542.456,17.3779,3883,0.207429,0
FRONT,0,7,8642,482.673,8.5232,4509,0.207264,0
FRONT,0,8,13925,523.459,13.065,4129,0.207714,0
FRONT,0,9,970,514.877,0.89696,7404,0.199334,0
FRONT,0,10,2589,251.091,2.86608,5834,0.204397,0
FRONT,0,12,6531,434.477,6.04144,4639,0.206798,0
FRONT,0,13,7967,463.974,7.35152,4600,0.20735,0
FRONT,0,14,11305,495.518,9.57104,4196,0.208025,0
FRONT,0,15,12712,504.914,10.5168,4051,0.208419,0
FRONT,0,16,3561,262.855,2.96608,5164,0.206696,0
FRONT,0,17,9718,491.812,9.2432,4281,0.209031,0
FRONT,0,18,4727,346.007,3.93712,4769,0.208446,0
FRONT,0,19,12136,505.051,10.532,3982,0.210059,0
FRONT,0,20,12231,501.587,10.1613,3979,0.21056,0
FRONT,0,21,5058,378.29,4.5104,4512,0.209867,0
FRONT,0,22,15206,521.872,12.7995,3615,0.211667,0
FRONT,0,23,8874,466.207,7.47424,4283,0.212077,0
FRONT,0,24,6179,405.096,5.13072,4353,0.211979,0
FRONT,0,25,3986,311.236,3.46304,4713,0.211604,0
FRONT,0,26,16028,533.84,15.1149,3498,0.21403,0
FRONT,0,27,18217,533.885,15.1251,3256,0.214831,0
FRONT,0,28,4719,344.908,3.92016,4518,0.214074,0
FRONT,0,29,19949,545.299,18.2813,3036,0.215953,0
FRONT,0,30,12368,498.857,9.88704,3677,0.216774,0
FRONT,0,31,3973,297.043,3.3008,4635,0.215433,0
FRONT,0,32,3460,255.515,2.90288,4807,0.21587,0
FRONT,0,33,6388,408.716,5.22784,4128,0.217842,0
FRONT,0,35,13756,514.31,11.6699,3558,0.218582,0
FRONT,0,36,18264,534.902,15.3614,3123,0.218732,0
FRONT,0,37,14229,519.615,12.4402,3492,0.218591,0
FRONT,0,38,1027,594.344,0.83728,6749,0.211772,0
FRONT,0,39,8436,451.219,6.72128,4017,0.218315,0
FRONT,0,40,5136,365.619,4.26656,4333,0.217702,0
FRONT,0,41,9813,472.818,7.86272,3897,0.218516,0
FRONT,0,42,3020,242.428,2.79664,4977,0.216137,0
FRONT,0,43,1345,183.699,1.276,6148,0.213267,0
FRONT,0,44,16196,522.904,12.9709,3306,0.218987,0
FRONT,0,46,1141,505.217,0.9048,6457,0.212574,0
FRONT,0,47,6051,392.676,4.82336,4142,0.218177,0
EVAL,1,0,1607,212.532,1.23072,5820,0.214432,-1
EVAL,1,1,1597,192.946,1.26112,5873,0.214552,-1
EVAL,1,2,974,619.036,0.82032,6704,0.211998,-1
EVAL,1,3,1737,75.2377,1.48096,5661,0.215143,-1
EVAL,1,4,12628,507.281,10.7853,3627,0.219576,-1
EVAL,1,5,1845,14.0259,1.70656,5525,0.215615,-1
EVAL,1,6,6587,418.741,5.51696,4071,0.219213,-1
EVAL,1,7,16558,523.405,13.0557,3388,0.220284,-1
EVAL,1,8,1345,390.962,1.00912,6210,0.214788,-1
EVAL,1,9,1190,458.784,0.94448,6509,0.214803,-1
EVAL,1,10,242,4305.81,0.20384,9945,0.196712,-1
EVAL,1,11,1227,446.025,0.956,6538,0.215475,-1
EVAL,1,12,19949,533.761,15.0968,3185,0.222023,-1
EVAL,1,13,254,4325.14,0.20304,10037,0.198436,-1
EVAL,1,14,8701,450.938,6.70864,4219,0.221962,-1
EVAL,1,15,6098,393.675,4.84672,4402,0.2218,-1
EVAL,1,16,4756,347.342,3.95792,4738,0.221731,-1
EVAL,1,17,12672,500.136,10.0136,3988,0.223344,-1
EVAL,1,18,5000,337.34,3.8072,4630,0.222503,-1
EVAL,1,19,16119,514.659,11.7178,3678,0.223897,-1
EVAL,1,20,4672,337.218,3.80544,4837,0.222818,-1
EVAL,1,21,2579,157.397,2.25936,5696,0.221656,-1
EVAL,1,22,5136,340.933,3.86,4751,0.223862,-1
EVAL,1,23,3020,166.123,2.3048,5429,0.222889,-1
EVAL,1,24,16490,519.455,12.4154,3778,0.226201,-1
EVAL,1,25,5082,348.825,3.98128,4843,0.225386,-1
EVAL,1,26,16068,517.75,12.1581,3947,0.227379,-1
EVAL,1,27,12267,500.168,10.0168,4342,0.227752,-1
EVAL,1,28,19981,536.836,15.8318,3650,0.228619,-1
EVAL,1,29,15460,513.729,11.5914,4085,0.229032,-1
EVAL,1,30,3409,225.3,2.6688,5511,0.227373,-1
EVAL,1,31,19949,540.075,16.6875,3724,0.230278,-1
EVAL,1,32,1725,201.796,1.2472,6648,0.225945,-1
EVAL,1,33,6464,396.867,4.92288,4848,0.230341,-1
EVAL,1,34,11247,476.186,8.07664,4571,0.231477,-1
EVAL,1,35,3404,219.76,2.62992,5553,0.22988,-1
EVAL,1,36,332,3348.2,0.25328,9968,0.213137,-1
EVAL,1,37,19949,536.939,15.8576,3651,0.233249,-1
EVAL,1,38,8874,475.753,8.04848,4666,0.233196,-1
EVAL,1,39,9718,461.293,7.20944,4618,0.233738,-1
EVAL,1,40,2549,85.3849,1.9432,5986,0.231506,-1
EVAL,1,41,8642,443.582,6.39312,4629,0.234474,-1
EVAL,1,42,3058,170.299,2.3272,5665,0.233011,-1
EVAL,1,43,20000,540.331,16.7592,3545,0.236007,-1
EVAL,1,44,8632,444.229,6.41968,4521,0.235847,-1
EVAL,1,45,6805,400.746,5.01872,4662,0.236078,-1
EVAL,1,46,18217,526.652,13.6336,3726,0.237247,-1
EVAL,1,47,242,5092.17,0.17568,10443,0.214075,-1
FRONT,1,0,1607,212.532,1.23072,5820,0.214432,0
FRONT,1,1,1597,192.946,1.26112,5873,0.214552,0
FRONT,1,2,974,619.036,0.82032,6704,0.211998,0
FRONT,1,3,1737,75.2377,1.48096,5661,0.215143,0
FRONT,1,4,12628,507.281,10.7853,3627,0.219576,0
FRONT,1,5,1845,14.0259,1.70656,5525,0.215615,0
FRONT,1,6,6587,418.741,5.51696,4071,0.219213,0
FRONT,1,7,16558,523.405,13.0557,3388,0.220284,0
FRONT,1,8,1345,390.962,1.00912,6210,0.214788,0
FRONT,1,9,1190,458.784,0.94448,6509,0.214803,0
FRONT,1,10,242,4305.81,0.20384,9945,0.196712,0
FRONT,1,11,1227,446.025,0.956,6538,0.215475,0
FRONT,1,12,19949,533.761,15.0968,3185,0.222023,0
FRONT,1,13,254,4325.14,0.20304,10037,0.198436,0
FRONT,1,15,6098,393.675,4.84672,4402,0.2218,0
FRONT,1,16,4756,347.342,3.95792,4738,0.221731,0
FRONT,1,17,12672,500.136,10.0136,3988,0.223344,0
FRONT,1,18,5000,337.34,3.8072,4630,0.222503,0
FRONT,1,20,4672,337.218,3.80544,4837,0.222818,0
FRONT,1,23,3020,166.123,2.3048,5429,0.222889,0
FRONT,1,32,1725,201.796,1.2472,6648,0.225945,0
FRONT,1,36,332,3348.2,0.25328,9968,0.213137,0
FRONT,1,47,242,5092.17,0.17568,10443,0.214075,0
EVAL,2,0,235,4514.57,0.19552,10425,0.2138,-1
EVAL,2,1,1696,170.939,1.29712,6263,0.233948,-1
EVAL,2,2,332,3151.5,0.26656,9586,0.220836,-1
EVAL,2,3,5069,351.994,4.03216,4803,0.238207,-1
EVAL,2,4,326,3365.74,0.25216,9642,0.22182,-1
EVAL,2,5,890,810.835,0.7088,7338,0.232613,-1
EVAL,2,6,19949,534.778,15.3322,3387,0.24091,-1
EVAL,2,7,1845,154.102,1.32608,5985,0.23728,-1
EVAL,2,8,1284,455.208,0.94768,6641,0.23606,-1
EVAL,2,9,128,8116.88,0.11472,10117,0.204793,-1
EVAL,2,10,2915,188.22,2.42848,5396,0.24012,-1
EVAL,2,11,18330,528.504,13.9867,3562,0.243028,-1
EVAL,2,12,6053,412.341,5.3288,4554,0.242557,-1
EVAL,2,13,2579,90.586,1.96304,5576,0.241146,-1
EVAL,2,14,6144,388.172,4.7208,4535,0.243382,-1
EVAL,2,15,1745,151.925,1.32992,6114,0.24051,-1
EVAL,2,16,1227,381.316,1.01904,6679,0.239325,-1
EVAL,2,17,1755,148.234,1.33648,6041,0.241317,-1
EVAL,2,18,1627,202.929,1.24544,6252,0.241436,-1
EVAL,2,19,12779,498.293,9.83216,3961,0.245846,-1
EVAL,2,20,1236,464.736,0.9392,6649,0.240856,-1
EVAL,2,21,382,2636.67,0.30896,9049,0.231961,-1
EVAL,2,22,20000,536.262,15.6893,3297,0.247014,-1
EVAL,2,23,6226,401.877,5.04736,4450,0.246547,-1
EVAL,2,24,1600,303.963,1.10624,6334,0.24349,-1
EVAL,2,25,171,6583.91,0.1392,10238,0.220629,-1
EVAL,2,26,4776,319.831,3.56928,4758,0.247003,-1
EVAL,2,27,5135,335.001,3.7736,4697,0.247409,-1
EVAL,2,28,12777,480.68,8.3808,4002,0.248448,-1
EVAL,2,29,1621,377.632,1.02288,6367,0.244782,-1
EVAL,2,30,242,4755.61,0.18672,10443,0.228897,-1
EVAL,2,31,412,2445.81,0.32832,9058,0.23614,-1
EVAL,2,32,12679,490.127,9.10144,4024,0.249104,-1
EVAL,2,33,1418,303.702,1.10656,6515,0.244744,-1
EVAL,2,34,19824,530.964,14.4853,3436,0.249497,-1
EVAL,2,35,1929,98.0121,1.43264,6072,0.246265,-1
EVAL,2,36,3344,274.191,3.06928,5264,0.247937,-1
EVAL,2,37,16558,523.201,13.021,3641,0.249645,-1
EVAL,2,38,4714,278.993,3.1152,4830,0.248673,-1
EVAL,2,39,1245,694.532,0.77248,6741,0.244825,-1
EVAL,2,40,242,5409.62,0.1664,10538,0.230777,-1
EVAL,2,41,264,5252.06,0.17088,10434,0.231542,-1
EVAL,2,42,1190,776.652,0.7264,6844,0.244605,-1
EVAL,2,43,3139,92.8595,1.97184,5411,0.247617,-1
EVAL,2,44,242,5606.55,0.16112,10564,0.231052,-1
EVAL,2,45,4625,287.625,3.20128,4807,0.248009,-1
EVAL,2,46,11263,460.444,7.1656,4070,0.248604,-1
EVAL,2,47,1164,796.336,0.71616,6833,0.243622,-1
FRONT,2,0,235,4514.57,0.19552,10425,0.2138,0
FRONT,2,1,1696,170.939,1.29712,6263,0.233948,0
FRONT,2,2,332,3151.5,0.26656,9586,0.220836,0
FRONT,2,3,5069,351.994,4.03216,4803,0.238207,0
FRONT,2,4,326,3365.74,0.25216,9642,0.22182,0
FRONT,2,5,890,810.835,0.7088,7338,0.232613,0
FRONT,2,6,19949,534.778,15.3322,3387,0.24091,0
FRONT,2,7,1845,154.102,1.32608,5985,0.23728,0
FRONT,2,8,1284,455.208,0.94768,6641,0.23606,0
FRONT,2,9,128,8116.88,0.11472,10117,0.204793,0
FRONT,2,10,2915,188.22,2.42848,5396,0.24012,0
FRONT,2,11,18330,528.504,13.9867,3562,0.243028,0
FRONT,2,12,6053,412.341,5.3288,4554,0.242557,0
FRONT,2,13,2579,90.586,1.96304,5576,0.241146,0
FRONT,2,14,6144,388.172,4.7208,4535,0.243382,0
FRONT,2,15,1745,151.925,1.32992,6114,0.24051,0
FRONT,2,16,1227,381.316,1.01904,6679,0.239325,0
FRONT,2,17,1755,148.234,1.33648,6041,0.241317,0
FRONT,2,18,1627,202.929,1.24544,6252,0.241436,0
FRONT,2,19,12779,498.293,9.83216,3961,0.245846,0
FRONT,2,20,1236,464.736,0.9392,6649,0.240856,0
FRONT,2,21,382,2636.67,0.30896,9049,0.231961,0
FRONT,2,22,20000,536.262,15.6893,3297,0.247014,0
FRONT,2,23,6226,401.877,5.04736,4450,0.246547,0
FRONT,2,24,1600,303.963,1.10624,6334,0.24349,0
FRONT,2,25,171,6583.91,0.1392,10238,0.220629,0
FRONT,2,26,4776,319.831,3.56928,4758,0.247003,0
FRONT,2,27,5135,335.001,3.7736,4697,0.247409,0
FRONT,2,28,12777,480.68,8.3808,4002,0.248448,0
FRONT,2,29,1621,377.632,1.02288,6367,0.244782,0
FRONT,2,30,242,4755.61,0.18672,10443,0.228897,0
FRONT,2,31,412,2445.81,0.32832,9058,0.23614,0
FRONT,2,33,1418,303.702,1.10656,6515,0.244744,0
FRONT,2,34,19824,530.964,14.4853,3436,0.249497,0
FRONT,2,35,1929,98.0121,1.43264,6072,0.246265,0
FRONT,2,36,3344,274.191,3.06928,5264,0.247937,0
FRONT,2,37,16558,523.201,13.021,3641,0.249645,0
FRONT,2,38,4714,278.993,3.1152,4830,0.248673,0
FRONT,2,39,1245,694.532,0.77248,6741,0.244825,0
FRONT,2,40,242,5409.62,0.1664,10538,0.230777,0
FRONT,2,41,264,5252.06,0.17088,10434,0.231542,0
FRONT,2,42,1190,776.652,0.7264,6844,0.244605,0
FRONT,2,43,3139,92.8595,1.97184,5411,0.247617,0
FRONT,2,44,242,5606.55,0.16112,10564,0.231052,0
FRONT,2,45,4625,287.625,3.20128,4807,0.248009,0
FRONT,2,46,11263,460.444,7.1656,4070,0.248604,0
FRONT,2,47,1164,796.336,0.71616,6833,0.243622,0
EVAL,3,0,890,991.951,0.62816,7331,0.242481,-1
EVAL,3,1,241,5557.64,0.1624,10525,0.230616,-1
EVAL,3,2,6162,364.195,4.2408,4430,0.247188,-1
EVAL,3,3,12868,489.543,9.05328,3880,0.247259,-1
EVAL,3,4,19920,521.337,12.7125,3186,0.247054,-1
EVAL,3,5,1845,307.375,1.10208,5898,0.243638,-1
EVAL,3,6,3344,255.172,2.9,5163,0.244848,-1
EVAL,3,7,332,3603.09,0.23792,9683,0.233307,-1
EVAL,3,8,11348,488.796,8.99248,4027,0.246052,-1
EVAL,3,9,404,2206.47,0.35632,9075,0.235023,-1
EVAL,3,10,4966,389.3,4.74608,4541,0.245432,-1
EVAL,3,11,246,4085.16,0.21344,10529,0.230159,-1
EVAL,3,12,287,3033.72,0.2752,10099,0.231785,-1
EVAL,3,13,431,2024.95,0.38096,8910,0.236042,-1
EVAL,3,14,1820,44.4628,1.55168,6001,0.243603,-1
EVAL,3,15,1151,417.087,0.9832,6756,0.241882,-1
EVAL,3,16,1238,318.712,1.08848,6622,0.242192,-1
EVAL,3,17,18223,531.445,14.5869,3341,0.246525,-1
EVAL,3,18,3294,227.644,2.6856,5157,0.245113,-1
EVAL,3,19,12741,498.353,9.83792,3824,0.246414,-1
EVAL,3,20,1733,53.834,1.52944,6111,0.24344,-1
EVAL,3,21,12778,504.723,10.4957,3815,0.246416,-1
EVAL,3,22,890,597.089,0.83536,7274,0.240989,-1
EVAL,3,23,5140,411.138,5.29488,4546,0.245799,-1
EVAL,3,24,259,4120.54,0.21184,10561,0.230366,-1
EVAL,3,25,3033,213.959,2.5904,5314,0.244852,-1
EVAL,3,26,450,1957.28,0.39104,8815,0.236404,-1
EVAL,3,27,903,692.925,0.77344,7261,0.241017,-1
EVAL,3,28,6225,411.798,5.31344,4382,0.245979,-1
EVAL,3,29,3453,225.928,2.67328,5100,0.244962,-1
EVAL,3,30,288,3701.45,0.23248,10109,0.231551,-1
EVAL,3,31,1582,196.686,1.2552,6333,0.242775,-1
EVAL,3,32,11385,483.504,8.584,3965,0.24578,-1
EVAL,3,33,1768,161.638,1.31296,6066,0.242746,-1
EVAL,3,34,128,7778.02,0.11936,10353,0.217724,-1
EVAL,3,35,6053,407.988,5.208,4287,0.244899,-1
EVAL,3,36,211,4263.81,0.2056,10483,0.226801,-1
EVAL,3,37,6237,408.845,5.23136,4344,0.24455,-1
EVAL,3,38,6053,369.628,4.3408,4329,0.244242,-1
EVAL,3,39,326,3338.25,0.25392,9723,0.23213,-1
EVAL,3,40,363,2474.27,0.32528,9566,0.23334,-1
EVAL,3,41,20000,538.166,16.1723,3275,0.245738,-1
EVAL,3,42,20000,542.328,17.3395,3275,0.245738,-1
EVAL,3,43,436,2313.75,0.3432,9104,0.235122,-1
EVAL,3,44,171,5656.26,0.15984,10748,0.2233,-1
EVAL,3,45,4714,363.428,4.22704,4859,0.244854,-1
EVAL,3,46,6107,379.253,4.53008,4485,0.245103,-1
EVAL,3,47,19812,530.577,14.4045,3328,0.245733,-1
FRONT,3,0,890,991.951,0.62816,7331,0.242481,0
FRONT,3,1,241,5557.64,0.1624,10525,0.230616,0
FRONT,3,2,6162,364.195,4.2408,4430,0.247188,0
FRONT,3,3,12868,489.543,9.05328,3880,0.247259,0
FRONT,3,4,19920,521.337,12.7125,3186,0.247054,0
FRONT,3,5,1845,307.375,1.10208,5898,0.243638,0
FRONT,3,6,3344,255.172,2.9,5163,0.244848,0
FRONT,3,7,332,3603.09,0.23792,9683,0.233307,0
FRONT,3,9,404,2206.47,0.35632,9075,0.235023,0
FRONT,3,11,246,4085.16,0.21344,10529,0.230159,0
FRONT,3,12,287,3033.72,0.2752,10099,0.231785,0
FRONT,3,13,431,2024.95,0.38096,8910,0.236042,0
FRONT,3,14,1820,44.4628,1.55168,6001,0.243603,0
FRONT,3,15,1151,417.087,0.9832,6756,0.241882,0
FRONT,3,16,1238,318.712,1.08848,6622,0.242192,0
FRONT,3,19,12741,498.353,9.83792,3824,0.246414,0
FRONT,3,20,1733,53.834,1.52944,6111,0.24344,0
FRONT,3,21,12778,504.723,10.4957,3815,0.246416,0
FRONT,3,22,890,597.089,0.83536,7274,0.240989,0
FRONT,3,24,259,4120.54,0.21184,10561,0.230366,0
FRONT,3,25,3033,213.959,2.5904,5314,0.244852,0
FRONT,3,26,450,1957.28,0.39104,8815,0.236404,0
FRONT,3,27,903,692.925,0.77344,7261,0.241017,0
FRONT,3,29,3453,225.928,2.67328,5100,0.244962,0
FRONT,3,30,288,3701.45,0.23248,10109,0.231551,0
FRONT,3,31,1582,196.686,1.2552,6333,0.242775,0
FRONT,3,32,11385,483.504,8.584,3965,0.24578,0
FRONT,3,33,1768,161.638,1.31296,6066,0.242746,0
FRONT,3,34,128,7778.02,0.11936,10353,0.217724,0
FRONT,3,35,6053,407.988,5.208,4287,0.244899,0
FRONT,3,36,211,4263.81,0.2056,10483,0.226801,0
FRONT,3,38,6053,369.628,4.3408,4329,0.244242,0
FRONT,3,39,326,3338.25,0.25392,9723,0.23213,0
FRONT,3,40,363,2474.27,0.32528,9566,0.23334,0
FRONT,3,41,20000,538.166,16.1723,3275,0.245738,0
FRONT,3,43,436,2313.75,0.3432,9104,0.235122,0
FRONT,3,44,171,5656.26,0.15984,10748,0.2233,0
FRONT,3,45,4714,363.428,4.22704,4859,0.244854,0
FRONT,3,47,19812,530.577,14.4045,3328,0.245733,0
EVAL,4,0,1930,54.5188,1.52784,6146,0.24278,-1
EVAL,4,1,12957,499.458,9.94608,3943,0.245596,-1
EVAL,4,2,207,5675.1,0.15936,10786,0.226073,-1
EVAL,4,3,1268,341.549,1.06208,6794,0.241384,-1
EVAL,4,4,378,2386.14,0.33488,9491,0.233935,-1
EVAL,4,5,4638,384.334,4.6368,4872,0.244846,-1
EVAL,4,6,19920,541.643,17.1358,3462,0.24644,-1
EVAL,4,7,991,670.067,0.78736,7684,0.240767,-1
EVAL,4,8,6133,409.788,5.25728,4987,0.246439,-1
EVAL,4,9,363,2634.99,0.30912,9915,0.23254,-1
EVAL,4,10,3014,234.289,2.7344,5903,0.244736,-1
EVAL,4,11,890,679.165,0.78176,8030,0.238957,-1
EVAL,4,12,913,732.907,0.75024,8115,0.237479,-1
EVAL,4,13,419,1976.26,0.38816,10493,0.228695,-1
EVAL,4,14,3405,299.981,3.33312,6669,0.237687,-1
EVAL,4,15,419,2091.65,0.37152,11335,0.224584,-1
EVAL,4,16,810,713.025,0.7616,9659,0.228895,-1
EVAL,4,17,1805,2.93268,1.65856,7823,0.232126,-1
EVAL,4,18,268,3025.29,0.27584,11139,0.216278,-1
EVAL,4,19,136,6383.24,0.1432,11173,0.20435,-1
EVAL,4,20,212,3902.88,0.22208,11202,0.212794,-1
EVAL,4,21,6061,403.878,5.09888,5885,0.234044,-1
EVAL,4,22,3056,170.594,2.3288,6700,0.231553,-1
EVAL,4,23,11385,492.04,9.26272,5285,0.233539,-1
EVAL,4,24,5954,345.821,3.93424,6241,0.231253,-1
EVAL,4,25,128,8728.36,0.1072,11773,0.196463,-1
EVAL,4,26,462,1850.02,0.40816,11154,0.213928,-1
EVAL,4,27,836,824.339,0.70208,10148,0.215421,-1
EVAL,4,28,3033,213.768,2.58912,8222,0.216432,-1
EVAL,4,29,273,3471.66,0.2456,14091,0.196849,-1
EVAL,4,30,332,2431.04,0.32992,14299,0.193422,-1
EVAL,4,31,209,3798.31,0.22736,16206,0.182716,-1
EVAL,4,32,12983,508.245,10.8986,7714,0.193152,-1
EVAL,4,33,4608,364.932,4.25408,10254,0.18557,-1
EVAL,4,34,20000,525.22,13.3725,7981,0.181571,-1
EVAL,4,35,11424,498.97,9.89808,9415,0.176658,-1
EVAL,4,36,374,1814.06,0.41424,20619,0.162981,-1
EVAL,4,37,12781,508.756,10.9597,10458,0.166855,-1
EVAL,4,38,302,2399.04,0.33344,24650,0.151167,-1
EVAL,4,39,11348,506.805,10.7302,12108,0.153744,-1
EVAL,4,40,6065,408.546,5.2232,15664,0.144245,-1
EVAL,4,41,273,3016.9,0.27648,29683,0.138048,-1
EVAL,4,42,1719,21.5195,1.60896,20448,0.142438,-1
EVAL,4,43,19816,539.536,16.5387,11477,0.145163,-1
EVAL,4,44,12869,497.643,9.76976,12598,0.144967,-1
EVAL,4,45,3415,181.94,2.392,17824,0.143554,-1
EVAL,4,46,413,2017.25,0.38208,26953,0.139257,-1
EVAL,4,47,3379,245.852,2.82368,17795,0.144782,-1
FRONT,4,0,1930,54.5188,1.52784,6146,0.24278,0
FRONT,4,1,12957,499.458,9.94608,3943,0.245596,0
FRONT,4,2,207,5675.1,0.15936,10786,0.226073,0
FRONT,4,3,1268,341.549,1.06208,6794,0.241384,0
FRONT,4,4,378,2386.14,0.33488,9491,0.233935,0
FRONT,4,5,4638,384.334,4.6368,4872,0.244846,0
FRONT,4,6,19920,541.643,17.1358,3462,0.24644,0
FRONT,4,7,991,670.067,0.78736,7684,0.240767,0
FRONT,4,9,363,2634.99,0.30912,9915,0.23254,0
FRONT,4,10,3014,234.289,2.7344,5903,0.244736,0
FRONT,4,11,890,679.165,0.78176,8030,0.238957,0
FRONT,4,12,913,732.907,0.75024,8115,0.237479,0
FRONT,4,13,419,1976.26,0.38816,10493,0.228695,0
FRONT,4,14,3405,299.981,3.33312,6669,0.237687,0
FRONT,4,15,419,2091.65,0.37152,11335,0.224584,0
FRONT,4,16,810,713.025,0.7616,9659,0.228895,0
FRONT,4,17,1805,2.93268,1.65856,7823,0.232126,0
FRONT,4,18,268,3025.29,0.27584,11139,0.216278,0
FRONT,4,19,136,6383.24,0.1432,11173,0.20435,0
FRONT,4,20,212,3902.88,0.22208,11202,0.212794,0
FRONT,4,21,6061,403.878,5.09888,5885,0.234044,0
FRONT,4,22,3056,170.594,2.3288,6700,0.231553,0
FRONT,4,23,11385,492.04,9.26272,5285,0.233539,0
FRONT,4,24,5954,345.821,3.93424,6241,0.231253,0
FRONT,4,25,128,8728.36,0.1072,11773,0.196463,0
FRONT,4,26,462,1850.02,0.40816,11154,0.213928,0
FRONT,4,27,836,824.339,0.70208,10148,0.215421,0
FRONT,4,28,3033,213.768,2.58912,8222,0.216432,0
FRONT,4,29,273,3471.66,0.2456,14091,0.196849,0
FRONT,4,30,332,2431.04,0.32992,14299,0.193422,0
FRONT,4,31,209,3798.31,0.22736,16206,0.182716,0
FRONT,4,32,12983,508.245,10.8986,7714,0.193152,0
FRONT,4,33,4608,364.932,4.25408,10254,0.18557,0
FRONT,4,34,20000,525.22,13.3725,7981,0.181571,0
FRONT,4,35,11424,498.97,9.89808,9415,0.176658,0
FRONT,4,36,374,1814.06,0.41424,20619,0.162981,0
FRONT,4,37,12781,508.756,10.9597,10458,0.166855,0
FRONT,4,38,302,2399.04,0.33344,24650,0.151167,0
FRONT,4,39,11348,506.805,10.7302,12108,0.153744,0
FRONT,4,40,6065,408.546,5.2232,15664,0.144245,0
FRONT,4,41,273,3016.9,0.27648,29683,0.138048,0
FRONT,4,42,1719,21.5195,1.60896,20448,0.142438,0
FRONT,4,43,19816,539.536,16.5387,11477,0.145163,0
FRONT,4,44,12869,497.643,9.76976,12598,0.144967,0
FRONT,4,45,3415,181.94,2.392,17824,0.143554,0
FRONT,4,46,413,2017.25,0.38208,26953,0.139257,0
FRONT,4,47,3379,245.852,2.82368,17795,0.144782,0
EVAL,5,0,19879,528.045,13.8976,11667,0.146421,-1
EVAL,5,1,1368,238.476,1.19264,21318,0.143416,-1
EVAL,5,2,143,4356.38,0.20176,29283,0.135898,-1
EVAL,5,3,20000,545.714,18.4211,11664,0.146422,-1
EVAL,5,4,273,3010.63,0.27696,29705,0.139092,-1
EVAL,5,5,182,2907.3,0.28512,29700,0.137356,-1
EVAL,5,6,392,1743.46,0.42672,27244,0.139755,-1
EVAL,5,7,4605,367.303,4.29744,16866,0.145125,-1
EVAL,5,8,329,2489.47,0.32368,28281,0.139391,-1
EVAL,5,9,20000,535.943,15.611,11664,0.146422,-1
EVAL,5,10,209,3385.97,0.25088,29870,0.138036,-1
EVAL,5,11,355,1771.02,0.42176,27919,0.139596,-1
EVAL,5,12,4709,369.568,4.33968,16740,0.145126,-1
EVAL,5,13,385,1909.03,0.39856,27354,0.14111,-1
EVAL,5,14,11348,504.745,10.4981,13180,0.148903,-1
EVAL,5,15,4608,375.503,4.4544,16887,0.149263,-1
EVAL,5,16,410,1717.39,0.43152,26991,0.14454,-1
EVAL,5,17,209,3450.55,0.24688,29823,0.141929,-1
EVAL,5,18,420,1621.04,0.45024,26974,0.146522,-1
EVAL,5,19,19970,540.798,16.8914,11667,0.155667,-1
EVAL,5,20,4608,320.445,3.57712,16959,0.155429,-1
EVAL,5,21,273,2901.4,0.2856,29487,0.146868,-1
EVAL,5,22,1777,21.0283,1.7272,20314,0.155865,-1
EVAL,5,23,4608,342.586,3.8848,17024,0.158544,-1
EVAL,5,24,268,3040.07,0.27472,29414,0.148937,-1
EVAL,5,25,2954,228.816,2.69408,18505,0.160206,-1
EVAL,5,26,11274,493.947,9.42928,13264,0.163453,-1
EVAL,5,27,209,3089.49,0.27104,29527,0.148955,-1
EVAL,5,28,320,2159.38,0.3624,28156,0.153384,-1
EVAL,5,29,128,4797.24,0.18528,28551,0.143484,-1
EVAL,5,30,213,3169.6,0.26528,29432,0.150826,-1
EVAL,5,31,4617,369.509,4.33856,17122,0.167545,-1
EVAL,5,32,4590,335.427,3.77968,17080,0.168434,-1
EVAL,5,33,11313,489.831,9.07696,13265,0.170874,-1
EVAL,5,34,391,2559.76,0.31648,26827,0.159174,-1
EVAL,5,35,192,3100.41,0.27024,29077,0.152438,-1
EVAL,5,36,389,1949.98,0.39216,26667,0.160576,-1
EVAL,5,37,4525,376.018,4.46464,16826,0.173265,-1
EVAL,5,38,269,3042.19,0.27456,28823,0.158614,-1
EVAL,5,39,302,2397.6,0.3336,27938,0.160778,-1
EVAL,5,40,724,714.406,0.7608,23689,0.168622,-1
EVAL,5,41,12781,516.172,11.9291,12749,0.178681,-1
EVAL,5,42,396,1556.66,0.46368,26380,0.1651,-1
EVAL,5,43,6006,424.999,5.71424,15741,0.179144,-1
EVAL,5,44,273,3021.09,0.27616,28657,0.162534,-1
EVAL,5,45,11447,497.684,9.7736,13086,0.18164,-1
EVAL,5,46,12933,509.967,11.107,12712,0.182491,-1
EVAL,5,47,198,3533.6,0.24192,28601,0.158986,-1
FRONT,5,0,19879,528.045,13.8976,11667,0.146421,0
FRONT,5,1,1368,238.476,1.19264,21318,0.143416,0
FRONT,5,2,143,4356.38,0.20176,29283,0.135898,0
FRONT,5,4,273,3010.63,0.27696,29705,0.139092,0
FRONT,5,5,182,2907.3,0.28512,29700,0.137356,0
FRONT,5,6,392,1743.46,0.42672,27244,0.139755,0
FRONT,5,7,4605,367.303,4.29744,16866,0.145125,0
FRONT,5,8,329,2489.47,0.32368,28281,0.139391,0
FRONT,5,9,20000,535.943,15.611,11664,0.146422,0
FRONT,5,10,209,3385.97,0.25088,29870,0.138036,0
FRONT,5,11,355,1771.02,0.42176,27919,0.139596,0
FRONT,5,12,4709,369.568,4.33968,16740,0.145126,0
FRONT,5,13,385,1909.03,0.39856,27354,0.14111,0
FRONT,5,14,11348,504.745,10.4981,13180,0.148903,0
FRONT,5,16,410,1717.39,0.43152,26991,0.14454,0
FRONT,5,17,209,3450.55,0.24688,29823,0.141929,0
FRONT,5,18,420,1621.04,0.45024,26974,0.146522,0
FRONT,5,20,4608,320.445,3.57712,16959,0.155429,0
FRONT,5,21,273,2901.4,0.2856,29487,0.146868,0
FRONT,5,22,1777,21.0283,1.7272,20314,0.155865,0
FRONT,5,24,268,3040.07,0.27472,29414,0.148937,0
FRONT,5,25,2954,228.816,2.69408,18505,0.160206,0
FRONT,5,26,11274,493.947,9.42928,13264,0.163453,0
FRONT,5,27,209,3089.49,0.27104,29527,0.148955,0
FRONT,5,28,320,2159.38,0.3624,28156,0.153384,0
FRONT,5,29,128,4797.24,0.18528,28551,0.143484,0
FRONT,5,30,213,3169.6,0.26528,29432,0.150826,0
FRONT,5,33,11313,489.831,9.07696,13265,0.170874,0
FRONT,5,34,391,2559.76,0.31648,26827,0.159174,0
FRONT,5,35,192,3100.41,0.27024,29077,0.152438,0
FRONT,5,36,389,1949.98,0.39216,26667,0.160576,0
FRONT,5,38,269,3042.19,0.27456,28823,0.158614,0
FRONT,5,39,302,2397.6,0.3336,27938,0.160778,0
FRONT,5,40,724,714.406,0.7608,23689,0.168622,0
FRONT,5,41,12781,516.172,11.9291,12749,0.178681,0
FRONT,5,42,396,1556.66,0.46368,26380,0.1651,0
FRONT,5,43,6006,424.999,5.71424,15741,0.179144,0
FRONT,5,44,273,3021.09,0.27616,28657,0.162534,0
FRONT,5,45,11447,497.684,9.7736,13086,0.18164,0
FRONT,5,46,12933,509.967,11.107,12712,0.182491,0
FRONT,5,47,198,3533.6,0.24192,28601,0.158986,0
EVAL,6,0,128,4896.92,0.18192,27658,0.150399,-1
EVAL,6,1,248,2680.84,0.3048,28827,0.163339,-1
EVAL,6,2,256,2629.97,0.3096,28879,0.164008,-1
EVAL,6,3,19977,537.531,16.0078,11865,0.186178,-1
EVAL,6,4,4647,324.098,3.62448,16880,0.184406,-1
EVAL,6,5,11538,486.851,8.83792,13229,0.186793,-1
EVAL,6,6,500,2074.37,0.37392,26584,0.170062,-1
EVAL,6,7,12781,491.619,9.22672,13399,0.184476,-1
EVAL,6,8,198,3580.6,0.2392,29982,0.15752,-1
EVAL,6,9,128,4599.67,0.19232,29032,0.147367,-1
EVAL,6,10,4525,362.655,4.21328,17510,0.182537,-1
EVAL,6,11,754,795.089,0.7168,24709,0.174008,-1
EVAL,6,12,11165,494.197,9.45152,13897,0.184275,-1
EVAL,6,13,128,4473.05,0.19712,29032,0.147367,-1
EVAL,6,14,1777,11.7647,1.7,21042,0.179375,-1
EVAL,6,15,11274,484.907,8.68864,13968,0.184314,-1
EVAL,6,16,11250,492.617,9.31248,13969,0.184313,-1
EVAL,6,17,374,1572.4,0.46032,27956,0.166918,-1
EVAL,6,18,19973,539.163,16.4374,12388,0.184898,-1
EVAL,6,19,329,2608.42,0.31168,29726,0.161687,-1
EVAL,6,20,12732,503.373,10.3491,13818,0.180306,-1
EVAL,6,21,269,2472.76,0.32544,32802,0.153545,-1
EVAL,6,22,165,3725.26,0.2312,32884,0.140414,-1
EVAL,6,23,297,2187.69,0.35872,33204,0.151163,-1
EVAL,6,24,406,1549.24,0.46528,31907,0.155434,-1
EVAL,6,25,11440,497.554,9.76128,16489,0.181885,-1
EVAL,6,26,134,3666.21,0.2344,34527,0.123866,-1
EVAL,6,27,4608,360.839,4.18128,22648,0.193418,-1
EVAL,6,28,12933,492.58,9.30928,16898,0.203556,-1
EVAL,6,29,11385,463.495,7.32576,17954,0.207041,-1
EVAL,6,30,5881,326.105,3.65104,20858,0.20871,-1
EVAL,6,31,128,6027.78,0.15088,30760,0.113786,-1
EVAL,6,32,213,3046.44,0.27424,32767,0.1409,-1
EVAL,6,33,285,2175.31,0.36032,33313,0.152443,-1
EVAL,6,34,156,4095.72,0.21296,32604,0.11475,-1
EVAL,6,35,212,2872.22,0.288,33635,0.130643,-1
EVAL,6,36,493,1261.23,0.53728,32214,0.17288,-1
EVAL,6,37,258,2551.79,0.31728,33818,0.136878,-1
EVAL,6,38,128,4815.94,0.18464,29502,0.0820771,-1
EVAL,6,39,6006,435.621,6.08352,23759,0.227767,-1
EVAL,6,40,199,2885.78,0.28688,31242,0.112871,-1
EVAL,6,41,4605,351.313,4.02112,24162,0.228954,-1
EVAL,6,42,273,2619.99,0.31056,30636,0.12981,-1
EVAL,6,43,202,3503.74,0.24368,29087,0.103069,-1
EVAL,6,44,4695,343.337,3.89616,24695,0.230788,-1
EVAL,6,45,20000,539.154,16.4349,18809,0.24225,-1
EVAL,6,46,11464,476.619,8.10496,21717,0.239524,-1
EVAL,6,47,1678,263.498,1.15808,26275,0.209157,-1
FRONT,6,0,128,4896.92,0.18192,27658,0.150399,0
FRONT,6,1,248,2680.84,0.3048,28827,0.163339,0
FRONT,6,2,256,2629.97,0.3096,28879,0.164008,0
FRONT,6,3,19977,537.531,16.0078,11865,0.186178,0
FRONT,6,4,4647,324.098,3.62448,16880,0.184406,0
FRONT,6,5,11538,486.851,8.83792,13229,0.186793,0
FRONT,6,6,500,2074.37,0.37392,26584,0.170062,0
FRONT,6,7,12781,491.619,9.22672,13399,0.184476,0
FRONT,6,8,198,3580.6,0.2392,29982,0.15752,0
FRONT,6,9,128,4599.67,0.19232,29032,0.147367,0
FRONT,6,10,4525,362.655,4.21328,17510,0.182537,0
FRONT,6,11,754,795.089,0.7168,24709,0.174008,0
FRONT,6,12,11165,494.197,9.45152,13897,0.184275,0
FRONT,6,13,128,4473.05,0.19712,29032,0.147367,0
FRONT,6,14,1777,11.7647,1.7,21042,0.179375,0
FRONT,6,15,11274,484.907,8.68864,13968,0.184314,0
FRONT,6,16,11250,492.617,9.31248,13969,0.184313,0
FRONT,6,17,374,1572.4,0.46032,27956,0.166918,0
FRONT,6,18,19973,539.163,16.4374,12388,0.184898,0
FRONT,6,19,329,2608.42,0.31168,29726,0.161687,0
FRONT,6,20,12732,503.373,10.3491,13818,0.180306,0
FRONT,6,21,269,2472.76,0.32544,32802,0.153545,0
FRONT,6,22,165,3725.26,0.2312,32884,0.140414,0
FRONT,6,23,297,2187.69,0.35872,33204,0.151163,0
FRONT,6,24,406,1549.24,0.46528,31907,0.155434,0
FRONT,6,25,11440,497.554,9.76128,16489,0.181885,0
FRONT,6,26,134,3666.21,0.2344,34527,0.123866,0
FRONT,6,31,128,6027.78,0.15088,30760,0.113786,0
FRONT,6,32,213,3046.44,0.27424,32767,0.1409,0
FRONT,6,33,285,2175.31,0.36032,33313,0.152443,0
FRONT,6,34,156,4095.72,0.21296,32604,0.11475,0
FRONT,6,35,212,2872.22,0.288,33635,0.130643,0
FRONT,6,36,493,1261.23,0.53728,32214,0.17288,0
FRONT,6,37,258,2551.79,0.31728,33818,0.136878,0
FRONT,6,38,128,4815.94,0.18464,29502,0.0820771,0
FRONT,6,40,199,2885.78,0.28688,31242,0.112871,0
FRONT,6,42,273,2619.99,0.31056,30636,0.12981,0
FRONT,6,43,202,3503.74,0.24368,29087,0.103069,0
FRONT,6,47,1678,263.498,1.15808,26275,0.209157,0
EVAL,7,0,1716,104.305,1.41984,25753,0.210423,-1
EVAL,7,1,407,1861.6,0.40624,28592,0.143979,-1
EVAL,7,2,128,5972.03,0.15216,21579,0.0495824,-1
EVAL,7,3,4753,352.308,4.03728,24369,0.228048,-1
EVAL,7,4,11549,467.792,7.56384,22468,0.236135,-1
EVAL,7,5,219,4263.81,0.2056,27584,0.0906687,-1
EVAL,7,6,128,6542.86,0.14,20235,0.044718,-1
EVAL,7,7,134,5771.05,0.15696,19968,0.0490427,-1
EVAL,7,8,128,5751.63,0.15744,19132,0.0451172,-1
EVAL,7,9,212,3325.88,0.25472,26046,0.0886655,-1
EVAL,7,10,439,1498.72,0.47648,27868,0.142505,-1
EVAL,7,11,19940,528.088,13.9059,18734,0.238209,-1
EVAL,7,12,493,1364.17,0.50912,26946,0.1492,-1
EVAL,7,13,128,5823.43,0.15568,16936,0.0418487,-1
EVAL,7,14,172,4033.06,0.21584,21863,0.0638344,-1
EVAL,7,15,228,2847.32,0.29008,25844,0.0831685,-1
EVAL,7,16,4665,330.893,3.716,25932,0.222149,-1
EVAL,7,17,274,2222.94,0.35424,27684,0.0875779,-1
EVAL,7,18,128,5301.79,0.16944,14593,0.0220253,-1
EVAL,7,19,383,1584.55,0.45776,29321,0.10478,-1
EVAL,7,20,4647,328.509,3.68336,27574,0.219686,-1
EVAL,7,21,12781,492.731,9.3224,24896,0.234112,-1
EVAL,7,22,197,3857.92,0.22432,21219,0.0389674,-1
EVAL,7,23,297,2419.32,0.3312,26794,0.0692384,-1
EVAL,7,24,11074,479.402,8.292,25852,0.232378,-1
EVAL,7,25,567,940.168,0.64928,29587,0.115777,-1
EVAL,7,26,11473,490.529,9.13488,26342,0.232048,-1
EVAL,7,27,4572,329.917,3.70256,28746,0.214432,-1
EVAL,7,28,11452,491.941,9.25424,26949,0.230321,-1
EVAL,7,29,236,2824.66,0.292,20716,0.0279382,-1
EVAL,7,30,256,2771.09,0.29664,21790,0.0317234,-1
EVAL,7,31,199,3873.87,0.22352,15050,0.0139616,-1
EVAL,7,32,199,3018.99,0.27632,15018,0.0133608,-1
EVAL,7,33,500,1400,0.5,30578,0.0877503,-1
EVAL,7,34,255,3246.15,0.26,22603,0.0296537,-1
EVAL,7,35,11260,456.615,6.97424,31069,0.20791,-1
EVAL,7,36,435,1900,0.4,31314,0.0780036,-1
EVAL,7,37,216,4067.66,0.21424,19013,0.0183961,-1
EVAL,7,38,406,1866.46,0.40544,31525,0.072376,-1
EVAL,7,39,128,6551.03,0.13984,1508,0.000165306,-1
EVAL,7,40,4525,261.522,2.9544,37205,0.16684,-1
EVAL,7,41,1743,129.714,1.3704,39186,0.148676,-1
EVAL,7,42,152,5473.86,0.16464,4389,0.0020263,-1
EVAL,7,43,1646,101.538,1.42544,40825,0.141647,-1
EVAL,7,44,173,4643.29,0.19072,7694,0.00392403,-1
EVAL,7,45,134,4595.35,0.19248,966,0.000127533,-1
EVAL,7,46,11136,442.056,6.33136,38212,0.137786,-1
EVAL,7,47,196,4669.81,0.18976,12543,0.0081917,-1
FRONT,7,0,1716,104.305,1.41984,25753,0.210423,0
FRONT,7,1,407,1861.6,0.40624,28592,0.143979,0
FRONT,7,2,128,5972.03,0.15216,21579,0.0495824,0
FRONT,7,3,4753,352.308,4.03728,24369,0.228048,0
FRONT,7,4,11549,467.792,7.56384,22468,0.236135,0
FRONT,7,5,219,4263.81,0.2056,27584,0.0906687,0
FRONT,7,6,128,6542.86,0.14,20235,0.044718,0
FRONT,7,7,134,5771.05,0.15696,19968,0.0490427,0
FRONT,7,8,128,5751.63,0.15744,19132,0.0451172,0
FRONT,7,9,212,3325.88,0.25472,26046,0.0886655,0
FRONT,7,10,439,1498.72,0.47648,27868,0.142505,0
FRONT,7,11,19940,528.088,13.9059,18734,0.238209,0
FRONT,7,12,493,1364.17,0.50912,26946,0.1492,0
FRONT,7,13,128,5823.43,0.15568,16936,0.0418487,0
FRONT,7,14,172,4033.06,0.21584,21863,0.0638344,0
FRONT,7,15,228,2847.32,0.29008,25844,0.0831685,0
FRONT,7,17,274,2222.94,0.35424,27684,0.0875779,0
FRONT,7,18,128,5301.79,0.16944,14593,0.0220253,0
FRONT,7,19,383,1584.55,0.45776,29321,0.10478,0
FRONT,7,22,197,3857.92,0.22432,21219,0.0389674,0
FRONT,7,23,297,2419.32,0.3312,26794,0.0692384,0
FRONT,7,25,567,940.168,0.64928,29587,0.115777,0
FRONT,7,29,236,2824.66,0.292,20716,0.0279382,0
FRONT,7,30,256,2771.09,0.29664,21790,0.0317234,0
FRONT,7,31,199,3873.87,0.22352,15050,0.0139616,0
FRONT,7,32,199,3018.99,0.27632,15018,0.0133608,0
FRONT,7,33,500,1400,0.5,30578,0.0877503,0
FRONT,7,34,255,3246.15,0.26,22603,0.0296537,0
FRONT,7,35,11260,456.615,6.97424,31069,0.20791,0
FRONT,7,36,435,1900,0.4,31314,0.0780036,0
FRONT,7,37,216,4067.66,0.21424,19013,0.0183961,0
FRONT,7,38,406,1866.46,0.40544,31525,0.072376,0
FRONT,7,39,128,6551.03,0.13984,1508,0.000165306,0
FRONT,7,40,4525,261.522,2.9544,37205,0.16684,0
FRONT,7,41,1743,129.714,1.3704,39186,0.148676,0
FRONT,7,42,152,5473.86,0.16464,4389,0.0020263,0
FRONT,7,43,1646,101.538,1.42544,40825,0.141647,0
FRONT,7,44,173,4643.29,0.19072,7694,0.00392403,0
FRONT,7,45,134,4595.35,0.19248,966,0.000127533,0
FRONT,7,46,11136,442.056,6.33136,38212,0.137786,0
FRONT,7,47,196,4669.81,0.18976,12543,0.0081917,0
EVAL,8,0,315,2492.53,0.32336,26883,0.041678,-1
EVAL,8,1,11469,429.137,5.85264,40192,0.124472,-1
EVAL,8,2,279,3232,0.26096,23412,0.0303413,-1
EVAL,8,3,11192,415.607,5.4232,41051,0.114172,-1
EVAL,8,4,206,4544.03,0.1944,12358,0.00878192,-1
EVAL,8,5,257,3651.7,0.2352,18830,0.0203767,-1
EVAL,8,6,209,4189.27,0.2088,11122,0.00672335,-1
EVAL,8,7,19940,475.898,8.05792,44634,0.0666328,-1
EVAL,8,8,525,1193.92,0.55744,37306,0.0672743,-1
EVAL,8,9,19928,469.468,7.66096,46579,0.0534928,-1
EVAL,8,10,217,3525.41,0.2424,7162,0.00249154,-1
EVAL,8,11,1760,20.1627,1.61248,54895,0.0952268,-1
EVAL,8,12,4631,255.115,2.89952,55384,0.0599494,-1
EVAL,8,13,4700,259.808,2.93952,56444,0.0553093,-1
EVAL,8,14,364,2272.24,0.34816,17705,0.0126317,-1
EVAL,8,15,551,1312.48,0.52288,30890,0.0383719,-1
EVAL,8,16,427,1855.8,0.4072,19668,0.0159158,-1
EVAL,8,17,11026,384.483,4.64,56024,0.0120512,-1
EVAL,8,18,128,7173.63,0.12864,0,0,-1
EVAL,8,19,4696,296.646,3.29648,59391,0.0259936,-1
EVAL,8,20,192,4573.84,0.19328,0,0,-1
EVAL,8,21,128,6957.44,0.13232,0,0,-1
EVAL,8,22,1752,0.961548,1.664,60362,0.068882,-1
EVAL,8,23,154,5944.5,0.1528,0,0,-1
EVAL,8,24,4571,281.025,3.13504,58200,0.0246264,-1
EVAL,8,25,4825,299.894,3.33216,57756,0.0227438,-1
EVAL,8,26,128,6957.44,0.13232,0,0,-1
EVAL,8,27,134,6633.8,0.13824,0,0,-1
EVAL,8,28,146,4887.27,0.18224,0,0,-1
EVAL,8,29,12906,368.063,4.31152,52063,0.00899965,-1
EVAL,8,30,128,7281.46,0.12688,0,0,-1
EVAL,8,31,1766,27.6991,1.59312,57248,0.0630519,-1
EVAL,8,32,187,5097.36,0.17552,0,0,-1
EVAL,8,33,128,7516.88,0.1232,0,0,-1
EVAL,8,34,243,3343.22,0.2536,0,0,-1
EVAL,8,35,686,921.051,0.65744,31237,0.0175368,-1
EVAL,8,36,1803,15.724,1.71152,57024,0.0642296,-1
EVAL,8,37,435,1744.34,0.42656,1088,2.56592e-05,-1
EVAL,8,38,422,1809.41,0.41504,201,1.0915e-06,-1
EVAL,8,39,181,4853.75,0.18336,0,0,-1
EVAL,8,40,346,2366.3,0.33712,0,0,-1
EVAL,8,41,170,5290.67,0.16976,0,0,-1
EVAL,8,42,398,1958.33,0.39088,0,0,-1
EVAL,8,43,128,7281.46,0.12688,0,0,-1
EVAL,8,44,211,4189.27,0.2088,0,0,-1
EVAL,8,45,128,6939.2,0.13264,0,0,-1
EVAL,8,46,592,1160.07,0.56816,14891,0.00571604,-1
EVAL,8,47,216,3611.59,0.23744,0,0,-1
FRONT,8,0,315,2492.53,0.32336,26883,0.041678,0
FRONT,8,1,11469,429.137,5.85264,40192,0.124472,0
FRONT,8,2,279,3232,0.26096,23412,0.0303413,0
FRONT,8,3,11192,415.607,5.4232,41051,0.114172,0
FRONT,8,4,206,4544.03,0.1944,12358,0.00878192,0
FRONT,8,5,257,3651.7,0.2352,18830,0.0203767,0
FRONT,8,7,19940,475.898,8.05792,44634,0.0666328,0
FRONT,8,8,525,1193.92,0.55744,37306,0.0672743,0
FRONT,8,9,19928,469.468,7.66096,46579,0.0534928,0
FRONT,8,10,217,3525.41,0.2424,7162,0.00249154,0
FRONT,8,11,1760,20.1627,1.61248,54895,0.0952268,0
FRONT,8,12,4631,255.115,2.89952,55384,0.0599494,0
FRONT,8,13,4700,259.808,2.93952,56444,0.0553093,0
FRONT,8,14,364,2272.24,0.34816,17705,0.0126317,0
FRONT,8,15,551,1312.48,0.52288,30890,0.0383719,0
FRONT,8,16,427,1855.8,0.4072,19668,0.0159158,0
FRONT,8,18,128,7173.63,0.12864,0,0,0
FRONT,8,20,192,4573.84,0.19328,0,0,0
FRONT,8,21,128,6957.44,0.13232,0,0,0
FRONT,8,22,1752,0.961548,1.664,60362,0.068882,0
FRONT,8,23,154,5944.5,0.1528,0,0,0
FRONT,8,24,4571,281.025,3.13504,58200,0.0246264,0
FRONT,8,25,4825,299.894,3.33216,57756,0.0227438,0
FRONT,8,26,128,6957.44,0.13232,0,0,0
FRONT,8,27,134,6633.8,0.13824,0,0,0
FRONT,8,28,146,4887.27,0.18224,0,0,0
FRONT,8,29,12906,368.063,4.31152,52063,0.00899965,0
FRONT,8,30,128,7281.46,0.12688,0,0,0
FRONT,8,31,1766,27.6991,1.59312,57248,0.0630519,0
FRONT,8,32,187,5097.36,0.17552,0,0,0
FRONT,8,33,128,7516.88,0.1232,0,0,0
FRONT,8,34,243,3343.22,0.2536,0,0,0
FRONT,8,35,686,921.051,0.65744,31237,0.0175368,0
FRONT,8,36,1803,15.724,1.71152,57024,0.0642296,0
FRONT,8,37,435,1744.34,0.42656,1088,2.56592e-05,0
FRONT,8,38,422,1809.41,0.41504,201,1.0915e-06,0
FRONT,8,39,181,4853.75,0.18336,0,0,0
FRONT,8,40,346,2366.3,0.33712,0,0,0
FRONT,8,41,170,5290.67,0.16976,0,0,0
FRONT,8,42,398,1958.33,0.39088,0,0,0
FRONT,8,43,128,7281.46,0.12688,0,0,0
FRONT,8,44,211,4189.27,0.2088,0,0,0
FRONT,8,45,128,6939.2,0.13264,0,0,0
FRONT,8,46,592,1160.07,0.56816,14891,0.00571604,0
FRONT,8,47,216,3611.59,0.23744,0,0,0
EVAL,9,0,12791,360.362,4.17296,50455,0.0140096,-1
EVAL,9,1,297,2798.59,0.29424,0,0,-1
EVAL,9,2,426,1826.24,0.41216,0,0,-1
EVAL,9,3,128,6948.31,0.13248,0,0,-1
EVAL,9,4,196,4604,0.19216,0,0,-1
EVAL,9,5,11567,419.071,5.52704,53641,0.0174259,-1
EVAL,9,6,301,2849.23,0.28992,0,0,-1
EVAL,9,7,1786,9.87634,1.69456,57164,0.0630351,-1
EVAL,9,8,4750,307.821,3.42256,58689,0.0236657,-1
EVAL,9,9,4817,348.713,3.97952,58706,0.0205413,-1
EVAL,9,10,12784,335.763,3.78448,54624,0.00287383,-1
EVAL,9,11,4631,359.115,4.15136,58494,0.0199681,-1
EVAL,9,12,12830,354.305,4.07008,54005,0.00273664,-1
EVAL,9,13,11226,328.072,3.67744,54078,0.00347997,-1
EVAL,9,14,257,2913.21,0.28464,0,0,-1
EVAL,9,15,12862,360.656,4.17808,51193,0.00268622,-1
EVAL,9,16,290,2876.08,0.28768,0,0,-1
EVAL,9,17,1760,10.2324,1.63872,53983,0.0479124,-1
EVAL,9,18,564,1215.28,0.55088,523,6.19298e-06,-1
EVAL,9,19,296,2708.63,0.30224,0,0,-1
EVAL,9,20,19868,358.305,4.13744,45350,0.00124804,-1
EVAL,9,21,435,1745.22,0.4264,0,0,-1
EVAL,9,22,334,2474.27,0.32528,0,0,-1
EVAL,9,23,238,3782.89,0.22816,0,0,-1
EVAL,9,24,1724,2.93268,1.65856,52420,0.0464643,-1
EVAL,9,25,4725,291.251,3.23888,52146,0.0184314,-1
EVAL,9,26,1693,31.1219,1.58448,52214,0.0459755,-1
EVAL,9,27,19963,326.357,3.6544,45312,0.00123798,-1
EVAL,9,28,128,6939.2,0.13264,0,0,-1
EVAL,9,29,128,5883.4,0.15424,0,0,-1
EVAL,9,30,4712,276.484,3.09104,52157,0.018525,-1
EVAL,9,31,4559,278.432,3.10976,53266,0.0196596,-1
EVAL,9,32,610,1083.28,0.59408,2278,0.000197934,-1
EVAL,9,33,138,6344.44,0.144,0,0,-1
EVAL,9,34,11553,342.841,3.88864,49395,0.00327494,-1
EVAL,9,35,253,3416.71,0.24896,0,0,-1
EVAL,9,36,643,1022.11,0.61648,3669,0.000496192,-1
EVAL,9,37,145,6215.7,0.14672,0,0,-1
EVAL,9,38,1819,5.89355,1.6832,54323,0.0484524,-1
EVAL,9,39,4696,286.701,3.19184,53260,0.0186364,-1
EVAL,9,40,365,2221.67,0.3544,0,0,-1
EVAL,9,41,19928,379.035,4.5256,46316,0.00120421,-1
EVAL,9,42,257,2551.79,0.31728,0,0,-1
EVAL,9,43,1766,8.08789,1.68944,53926,0.0479902,-1
EVAL,9,44,142,6559.22,0.13968,0,0,-1
EVAL,9,45,472,1464.75,0.48432,0,0,-1
EVAL,9,46,492,1509.35,0.47408,0,0,-1
EVAL,9,47,345,2422.24,0.33088,0,0,-1
FRONT,9,1,297,2798.59,0.29424,0,0,0
FRONT,9,2,426,1826.24,0.41216,0,0,0
FRONT,9,3,128,6948.31,0.13248,0,0,0
FRONT,9,4,196,4604,0.19216,0,0,0
FRONT,9,6,301,2849.23,0.28992,0,0,0
FRONT,9,14,257,2913.21,0.28464,0,0,0
FRONT,9,16,290,2876.08,0.28768,0,0,0
FRONT,9,17,1760,10.2324,1.63872,53983,0.0479124,0
FRONT,9,18,564,1215.28,0.55088,523,6.19298e-06,0
FRONT,9,19,296,2708.63,0.30224,0,0,0
FRONT,9,21,435,1745.22,0.4264,0,0,0
FRONT,9,22,334,2474.27,0.32528,0,0,0
FRONT,9,23,238,3782.89,0.22816,0,0,0
FRONT,9,24,1724,2.93268,1.65856,52420,0.0464643,0
FRONT,9,25,4725,291.251,3.23888,52146,0.0184314,0
FRONT,9,26,1693,31.1219,1.58448,52214,0.0459755,0
FRONT,9,27,19963,326.357,3.6544,45312,0.00123798,0
FRONT,9,28,128,6939.2,0.13264,0,0,0
FRONT,9,29,128,5883.4,0.15424,0,0,0
FRONT,9,30,4712,276.484,3.09104,52157,0.018525,0
FRONT,9,32,610,1083.28,0.59408,2278,0.000197934,0
FRONT,9,33,138,6344.44,0.144,0,0,0
FRONT,9,35,253,3416.71,0.24896,0,0,0
FRONT,9,36,643,1022.11,0.61648,3669,0.000496192,0
FRONT,9,37,145,6215.7,0.14672,0,0,0
FRONT,9,40,365,2221.67,0.3544,0,0,0
FRONT,9,41,19928,379.035,4.5256,46316,0.00120421,0
FRONT,9,42,257,2551.79,0.31728,0,0,0
FRONT,9,44,142,6559.22,0.13968,0,0,0
FRONT,9,45,472,1464.75,0.48432,0,0,0
FRONT,9,46,492,1509.35,0.47408,0,0,0
FRONT,9,47,345,2422.24,0.33088,0,0,0
EVAL,10,0,153,4806.57,0.18496,0,0,-1
EVAL,10,1,1569,90.3026,1.44864,55789,0.0479031,-1
EVAL,10,2,19882,389.143,4.74256,50898,0.00121504,-1
EVAL,10,3,472,1596.84,0.4552,0,0,-1
EVAL,10,4,392,2062.97,0.37552,0,0,-1
EVAL,10,5,1604,71.4654,1.48928,57749,0.0537477,-1
EVAL,10,6,1760,21.6431,1.60864,58812,0.057868,-1
EVAL,10,7,4764,300.369,3.33744,58679,0.0235501,-1
EVAL,10,8,139,6675.9,0.13744,0,0,-1
EVAL,10,9,212,4301.96,0.204,0,0,-1
EVAL,10,10,20000,439.694,6.23808,51094,0.0154236,-1
EVAL,10,11,1629,39.3208,1.56416,53243,0.0676332,-1
EVAL,10,12,471,1567.88,0.46128,526,4.10485e-06,-1
EVAL,10,13,371,2172.85,0.36064,0,0,-1
EVAL,10,14,196,4464.83,0.19744,0,0,-1
EVAL,10,15,1767,26.8177,1.59536,53167,0.072038,-1
EVAL,10,16,399,1952.06,0.39184,0,0,-1
EVAL,10,17,248,3440.08,0.24752,0,0,-1
EVAL,10,18,12697,362.988,4.2192,49702,0.0103652,-1
EVAL,10,19,510,1195.98,0.5568,9036,0.000852585,-1
EVAL,10,20,1852,31.9731,1.76048,55740,0.0667335,-1
EVAL,10,21,262,3234.36,0.2608,0,0,-1
EVAL,10,22,128,7040.59,0.13088,0,0,-1
EVAL,10,23,142,6359.91,0.14368,0,0,-1
EVAL,10,24,221,4170.99,0.2096,0,0,-1
EVAL,10,25,199,4535.58,0.19472,0,0,-1
EVAL,10,26,11303,303.342,3.37088,51721,0.00627044,-1
EVAL,10,27,4625,299.461,3.32736,55071,0.0216577,-1
EVAL,10,28,128,7261.64,0.1272,0,0,-1
EVAL,10,29,135,6894,0.13344,0,0,-1
EVAL,10,30,428,1812.2,0.41456,2755,0.000105408,-1
EVAL,10,31,12948,349.549,3.9928,50545,0.00402124,-1
EVAL,10,32,1766,87.0322,1.94944,57248,0.0630519,-1
EVAL,10,33,4731,298.926,3.32144,55347,0.022087,-1
EVAL,10,34,1626,35.1626,1.5744,57838,0.0662738,-1
EVAL,10,35,527,1344.01,0.5144,18268,0.00598805,-1
EVAL,10,36,174,5066.36,0.17648,0,0,-1
EVAL,10,37,304,2843.53,0.2904,0,0,-1
EVAL,10,38,1880,35.309,1.77088,59617,0.0674701,-1
EVAL,10,39,269,3190.18,0.26384,0,0,-1
EVAL,10,40,19928,450.41,6.68496,52369,0.0051012,-1
EVAL,10,41,1613,61.4457,1.51184,60024,0.0705549,-1
EVAL,10,42,128,6957.44,0.13232,0,0,-1
EVAL,10,43,729,811.791,0.70832,39401,0.0394138,-1
EVAL,10,44,584,1189.81,0.55872,29277,0.0260924,-1
EVAL,10,45,674,923.647,0.65632,36538,0.0415293,-1
EVAL,10,46,164,5656.26,0.15984,0,0,-1
EVAL,10,47,19900,457.426,7.01392,52614,0.0134613,-1
FRONT,10,0,153,4806.57,0.18496,0,0,0
FRONT,10,1,1569,90.3026,1.44864,55789,0.0479031,0
FRONT,10,2,19882,389.143,4.74256,50898,0.00121504,0
FRONT,10,3,472,1596.84,0.4552,0,0,0
FRONT,10,4,392,2062.97,0.37552,0,0,0
FRONT,10,5,1604,71.4654,1.48928,57749,0.0537477,0
FRONT,10,6,1760,21.6431,1.60864,58812,0.057868,0
FRONT,10,8,139,6675.9,0.13744,0,0,0
FRONT,10,9,212,4301.96,0.204,0,0,0
FRONT,10,11,1629,39.3208,1.56416,53243,0.0676332,0
FRONT,10,12,471,1567.88,0.46128,526,4.10485e-06,0
FRONT,10,13,371,2172.85,0.36064,0,0,0
FRONT,10,14,196,4464.83,0.19744,0,0,0
FRONT,10,15,1767,26.8177,1.59536,53167,0.072038,0
FRONT,10,16,399,1952.06,0.39184,0,0,0
FRONT,10,17,248,3440.08,0.24752,0,0,0
FRONT,10,18,12697,362.988,4.2192,49702,0.0103652,0
FRONT,10,19,510,1195.98,0.5568,9036,0.000852585,0
FRONT,10,20,1852,31.9731,1.76048,55740,0.0667335,0
FRONT,10,21,262,3234.36,0.2608,0,0,0
FRONT,10,22,128,7040.59,0.13088,0,0,0
FRONT,10,23,142,6359.91,0.14368,0,0,0
FRONT,10,24,221,4170.99,0.2096,0,0,0
FRONT,10,25,199,4535.58,0.19472,0,0,0
FRONT,10,26,11303,303.342,3.37088,51721,0.00627044,0
FRONT,10,27,4625,299.461,3.32736,55071,0.0216577,0
FRONT,10,28,128,7261.64,0.1272,0,0,0
FRONT,10,29,135,6894,0.13344,0,0,0
FRONT,10,30,428,1812.2,0.41456,2755,0.000105408,0
FRONT,10,31,12948,349.549,3.9928,50545,0.00402124,0
FRONT,10,32,1766,87.0322,1.94944,57248,0.0630519,0
FRONT,10,33,4731,298.926,3.32144,55347,0.022087,0
FRONT,10,34,1626,35.1626,1.5744,57838,0.0662738,0
FRONT,10,35,527,1344.01,0.5144,18268,0.00598805,0
FRONT,10,36,174,5066.36,0.17648,0,0,0
FRONT,10,37,304,2843.53,0.2904,0,0,0
FRONT,10,39,269,3190.18,0.26384,0,0,0
FRONT,10,41,1613,61.4457,1.51184,60024,0.0705549,0
FRONT,10,42,128,6957.44,0.13232,0,0,0
FRONT,10,43,729,811.791,0.70832,39401,0.0394138,0
FRONT,10,44,584,1189.81,0.55872,29277,0.0260924,0
FRONT,10,45,674,923.647,0.65632,36538,0.0415293,0
FRONT,10,46,164,5656.26,0.15984,0,0,0
EVAL,11,0,226,3945.45,0.22,1327,9.93205e-05,-1
EVAL,11,1,1583,114.531,1.39952,56757,0.0904153,-1
EVAL,11,2,551,970.352,0.6368,33930,0.047482,-1
EVAL,11,3,19900,456.203,6.95424,49753,0.041621,-1
EVAL,11,4,513,1473.66,0.48224,34768,0.0523932,-1
EVAL,11,5,19882,451.614,6.7392,48432,0.0471215,-1
EVAL,11,6,12604,405.526,5.14208,49379,0.0521627,-1
EVAL,11,7,1706,71.3212,1.4896,53480,0.100038,-1
EVAL,11,8,128,6930.12,0.1328,0,0,-1
EVAL,11,9,606,1134.67,0.57648,40657,0.0783293,-1
EVAL,11,10,128,6921.06,0.13296,0,0,-1
EVAL,11,11,11303,390.381,4.77056,47132,0.0698549,-1
EVAL,11,12,765,850.453,0.68944,42866,0.101083,-1
EVAL,11,13,425,1856.76,0.40704,30589,0.0629988,-1
EVAL,11,14,128,7154.34,0.12896,0,0,-1
EVAL,11,15,248,2742.25,0.2992,19759,0.0209066,-1
EVAL,11,16,4751,252.43,2.87712,42656,0.126961,-1
EVAL,11,17,128,7291.41,0.12672,172,3.50804e-06,-1
EVAL,11,18,370,2244.79,0.35152,30555,0.0569483,-1
EVAL,11,19,584,1204.27,0.55424,36836,0.0960738,-1
EVAL,11,20,258,3151.5,0.26656,23517,0.0259914,-1
EVAL,11,21,199,4071.15,0.21408,13705,0.0105465,-1
EVAL,11,22,153,5450.34,0.16528,4569,0.00215073,-1
EVAL,11,23,4671,271.45,3.04368,37822,0.16255,-1
EVAL,11,24,240,3458.44,0.2464,21747,0.025039,-1
EVAL,11,25,612,1053.88,0.60464,35498,0.105539,-1
EVAL,11,26,11302,457.293,7.00736,33207,0.18745,-1
EVAL,11,27,1752,153.466,1.3272,36611,0.160847,-1
EVAL,11,28,589,905.661,0.66416,33650,0.103616,-1
EVAL,11,29,604,1248.02,0.54112,32911,0.105535,-1
EVAL,11,30,488,1517.93,0.47216,31057,0.0866334,-1
EVAL,11,31,250,3234.36,0.2608,21371,0.0279795,-1
EVAL,11,32,655,958.215,0.64176,31425,0.109114,-1
EVAL,11,33,182,4518.75,0.19536,12622,0.00958883,-1
EVAL,11,34,12948,508.578,10.9382,28351,0.226769,-1
EVAL,11,35,13035,487.381,8.87952,28343,0.226854,-1
EVAL,11,36,1689,33.6815,1.57808,32611,0.168704,-1
EVAL,11,37,1793,31.8876,1.58256,32386,0.171563,-1
EVAL,11,38,1660,78.242,1.4744,32471,0.167846,-1
EVAL,11,39,472,1464.75,0.48432,29545,0.0818822,-1
EVAL,11,40,139,6193.48,0.1472,4290,0.00146836,-1
EVAL,11,41,214,4192.94,0.20864,16951,0.0174851,-1
EVAL,11,42,569,1248.02,0.54112,30770,0.0977569,-1
EVAL,11,43,315,2570.98,0.31536,24932,0.0464443,-1
EVAL,11,44,128,6727.08,0.13648,2409,0.000597961,-1
EVAL,11,45,221,3719.28,0.23152,17803,0.0194865,-1
EVAL,11,46,310,2580.66,0.3144,24687,0.0450851,-1
EVAL,11,47,221,4039.94,0.21552,17803,0.0194865,-1
FRONT,11,0,226,3945.45,0.22,1327,9.93205e-05,0
FRONT,11,1,1583,114.531,1.39952,56757,0.0904153,0
FRONT,11,2,551,970.352,0.6368,33930,0.047482,0
FRONT,11,3,19900,456.203,6.95424,49753,0.041621,0
FRONT,11,4,513,1473.66,0.48224,34768,0.0523932,0
FRONT,11,5,19882,451.614,6.7392,48432,0.0471215,0
FRONT,11,6,12604,405.526,5.14208,49379,0.0521627,0
FRONT,11,7,1706,71.3212,1.4896,53480,0.100038,0
FRONT,11,8,128,6930.12,0.1328,0,0,0
FRONT,11,9,606,1134.67,0.57648,40657,0.0783293,0
FRONT,11,10,128,6921.06,0.13296,0,0,0
FRONT,11,11,11303,390.381,4.77056,47132,0.0698549,0
FRONT,11,12,765,850.453,0.68944,42866,0.101083,0
FRONT,11,13,425,1856.76,0.40704,30589,0.0629988,0
FRONT,11,14,128,7154.34,0.12896,0,0,0
FRONT,11,15,248,2742.25,0.2992,19759,0.0209066,0
FRONT,11,16,4751,252.43,2.87712,42656,0.126961,0
FRONT,11,17,128,7291.41,0.12672,172,3.50804e-06,0
FRONT,11,18,370,2244.79,0.35152,30555,0.0569483,0
FRONT,11,19,584,1204.27,0.55424,36836,0.0960738,0
FRONT,11,20,258,3151.5,0.26656,23517,0.0259914,0
FRONT,11,21,199,4071.15,0.21408,13705,0.0105465,0
FRONT,11,22,153,5450.34,0.16528,4569,0.00215073,0
FRONT,11,24,240,3458.44,0.2464,21747,0.025039,0
FRONT,11,25,612,1053.88,0.60464,35498,0.105539,0
FRONT,11,27,1752,153.466,1.3272,36611,0.160847,0
FRONT,11,28,589,905.661,0.66416,33650,0.103616,0
FRONT,11,30,488,1517.93,0.47216,31057,0.0866334,0
FRONT,11,31,250,3234.36,0.2608,21371,0.0279795,0
FRONT,11,32,655,958.215,0.64176,31425,0.109114,0
FRONT,11,33,182,4518.75,0.19536,12622,0.00958883,0
FRONT,11,34,12948,508.578,10.9382,28351,0.226769,0
FRONT,11,35,13035,487.381,8.87952,28343,0.226854,0
FRONT,11,36,1689,33.6815,1.57808,32611,0.168704,0
FRONT,11,37,1793,31.8876,1.58256,32386,0.171563,0
FRONT,11,38,1660,78.242,1.4744,32471,0.167846,0
FRONT,11,39,472,1464.75,0.48432,29545,0.0818822,0
FRONT,11,40,139,6193.48,0.1472,4290,0.00146836,0
FRONT,11,41,214,4192.94,0.20864,16951,0.0174851,0
FRONT,11,42,569,1248.02,0.54112,30770,0.0977569,0
FRONT,11,43,315,2570.98,0.31536,24932,0.0464443,0
FRONT,11,44,128,6727.08,0.13648,2409,0.000597961,0
FRONT,11,45,221,3719.28,0.23152,17803,0.0194865,0
FRONT,11,46,310,2580.66,0.3144,24687,0.0450851,0
FRONT,11,47,221,4039.94,0.21552,17803,0.0194865,0
EVAL,12,0,128,6814,0.13488,2409,0.000597961,-1
EVAL,12,1,256,3208.65,0.26256,21258,0.0297276,-1
EVAL,12,2,12732,473.648,7.9144,28366,0.226538,-1
EVAL,12,3,485,1399.36,0.50016,29408,0.0845015,-1
EVAL,12,4,128,6551.03,0.13984,2789,0.000724409,-1
EVAL,12,5,331,2566.16,0.31584,25519,0.0511434,-1
EVAL,12,6,128,6814,0.13488,2789,0.000724409,-1
EVAL,12,7,244,3447.93,0.24704,20308,0.0267864,-1
EVAL,12,8,128,6849.34,0.13424,2789,0.000724409,-1
EVAL,12,9,233,3440.08,0.24752,19184,0.0235789,-1
EVAL,12,10,12915,505.786,10.6141,28337,0.226735,-1
EVAL,12,11,128,6359.91,0.14368,2789,0.000724409,-1
EVAL,12,12,13038,484.188,8.63472,28344,0.226855,-1
EVAL,12,13,128,6283.26,0.14528,2789,0.000724409,-1
EVAL,12,14,533,1229.63,0.54656,30023,0.0925498,-1
EVAL,12,15,268,2935.07,0.28288,22216,0.0337581,-1
EVAL,12,16,11405,485.275,8.71648,28033,0.227315,-1
EVAL,12,17,139,6178.74,0.14752,6588,0.00241492,-1
EVAL,12,18,226,3625.83,0.23664,21181,0.0310769,-1
EVAL,12,19,13042,489.689,9.06528,26084,0.233004,-1
EVAL,12,20,624,955.888,0.64272,29857,0.119396,-1
EVAL,12,21,166,3637.29,0.236,15820,0.0173914,-1
EVAL,12,22,153,5473.86,0.16464,14382,0.0155633,-1
EVAL,12,23,206,4181.94,0.20912,21615,0.0389321,-1
EVAL,12,24,567,1178.09,0.5624,29795,0.124881,-1
EVAL,12,25,155,4279,0.20496,16522,0.0249971,-1
EVAL,12,26,1792,90.3788,1.44848,29288,0.192537,-1
EVAL,12,27,19917,533.032,14.9325,23148,0.23753,-1
EVAL,12,28,135,6526.57,0.14032,15739,0.0255056,-1
EVAL,12,29,1739,156.109,1.32256,28674,0.195771,-1
EVAL,12,30,201,3902.88,0.22208,24238,0.0671127,-1
EVAL,12,31,229,2680.84,0.3048,25885,0.0835059,-1
EVAL,12,32,385,1855.8,0.4072,27614,0.127822,-1
EVAL,12,33,267,2653.51,0.30736,26577,0.104223,-1
EVAL,12,34,1705,47.3329,1.5448,24603,0.203734,-1
EVAL,12,35,11386,465.049,7.41008,20736,0.235038,-1
EVAL,12,36,283,3078.63,0.27184,27455,0.11223,-1
EVAL,12,37,158,4960.5,0.17984,22222,0.0634423,-1
EVAL,12,38,194,3816.96,0.2264,25450,0.0809728,-1
EVAL,12,39,12579,491.285,9.1984,22053,0.234487,-1
EVAL,12,40,323,2061.84,0.37568,29232,0.121077,-1
EVAL,12,41,128,5539.49,0.16288,20454,0.045038,-1
EVAL,12,42,181,3820.08,0.22624,25518,0.0759838,-1
EVAL,12,43,236,2881.89,0.2872,27897,0.100039,-1
EVAL,12,44,565,1085.09,0.59344,28634,0.162163,-1
EVAL,12,45,425,1497.32,0.4768,28627,0.146785,-1
EVAL,12,46,299,2348.11,0.3392,28421,0.122945,-1
EVAL,12,47,128,5751.63,0.15744,22134,0.0519696,-1
FRONT,12,0,128,6814,0.13488,2409,0.000597961,0
FRONT,12,1,256,3208.65,0.26256,21258,0.0297276,0
FRONT,12,3,485,1399.36,0.50016,29408,0.0845015,0
FRONT,12,4,128,6551.03,0.13984,2789,0.000724409,0
FRONT,12,5,331,2566.16,0.31584,25519,0.0511434,0
FRONT,12,7,244,3447.93,0.24704,20308,0.0267864,0
FRONT,12,8,128,6849.34,0.13424,2789,0.000724409,0
FRONT,12,9,233,3440.08,0.24752,19184,0.0235789,0
FRONT,12,11,128,6359.91,0.14368,2789,0.000724409,0
FRONT,12,13,128,6283.26,0.14528,2789,0.000724409,0
FRONT,12,14,533,1229.63,0.54656,30023,0.0925498,0
FRONT,12,15,268,2935.07,0.28288,22216,0.0337581,0
FRONT,12,17,139,6178.74,0.14752,6588,0.00241492,0
FRONT,12,18,226,3625.83,0.23664,21181,0.0310769,0
FRONT,12,20,624,955.888,0.64272,29857,0.119396,0
FRONT,12,21,166,3637.29,0.236,15820,0.0173914,0
FRONT,12,22,153,5473.86,0.16464,14382,0.0155633,0
FRONT,12,23,206,4181.94,0.20912,21615,0.0389321,0
FRONT,12,24,567,1178.09,0.5624,29795,0.124881,0
FRONT,12,25,155,4279,0.20496,16522,0.0249971,0
FRONT,12,26,1792,90.3788,1.44848,29288,0.192537,0
FRONT,12,28,135,6526.57,0.14032,15739,0.0255056,0
FRONT,12,29,1739,156.109,1.32256,28674,0.195771,0
FRONT,12,30,201,3902.88,0.22208,24238,0.0671127,0
FRONT,12,31,229,2680.84,0.3048,25885,0.0835059,0
FRONT,12,32,385,1855.8,0.4072,27614,0.127822,0
FRONT,12,33,267,2653.51,0.30736,26577,0.104223,0
FRONT,12,34,1705,47.3329,1.5448,24603,0.203734,0
FRONT,12,35,11386,465.049,7.41008,20736,0.235038,0
FRONT,12,36,283,3078.63,0.27184,27455,0.11223,0
FRONT,12,37,158,4960.5,0.17984,22222,0.0634423,0
FRONT,12,38,194,3816.96,0.2264,25450,0.0809728,0
FRONT,12,39,12579,491.285,9.1984,22053,0.234487,0
FRONT,12,40,323,2061.84,0.37568,29232,0.121077,0
FRONT,12,41,128,5539.49,0.16288,20454,0.045038,0
FRONT,12,42,181,3820.08,0.22624,25518,0.0759838,0
FRONT,12,43,236,2881.89,0.2872,27897,0.100039,0
FRONT,12,44,565,1085.09,0.59344,28634,0.162163,0
FRONT,12,45,425,1497.32,0.4768,28627,0.146785,0
FRONT,12,46,299,2348.11,0.3392,28421,0.122945,0
FRONT,12,47,128,5751.63,0.15744,22134,0.0519696,0
EVAL,13,0,1792,54.9303,1.52688,26579,0.211466,-1
EVAL,13,1,132,5509.48,0.16368,23745,0.0577639,-1
EVAL,13,2,291,2486.42,0.324,30125,0.125918,-1
EVAL,13,3,507,1400,0.5,29665,0.165154,-1
EVAL,13,4,128,4591.03,0.19264,25739,0.0690878,-1
EVAL,13,5,497,1420.69,0.49488,30357,0.168293,-1
EVAL,13,6,214,3421.88,0.24864,31577,0.118397,-1
EVAL,13,7,276,2551.79,0.31728,32957,0.13764,-1
EVAL,13,8,128,5307.37,0.16928,29502,0.0820771,-1
EVAL,13,9,265,2545.45,0.31792,33852,0.138445,-1
EVAL,13,10,1839,22.324,1.60688,27534,0.210422,-1
EVAL,13,11,296,2480.34,0.32464,33608,0.150094,-1
EVAL,13,12,251,2876.08,0.28768,34181,0.143758,-1
EVAL,13,13,396,1759.38,0.42384,32004,0.166763,-1
EVAL,13,14,12478,493.836,9.41936,17720,0.217083,-1
EVAL,13,15,751,868.17,0.68112,28073,0.18669,-1
EVAL,13,16,283,2410.6,0.33216,32764,0.154816,-1
EVAL,13,17,671,990.331,0.6288,29607,0.17989,-1
EVAL,13,18,560,1319.53,0.52096,31059,0.173497,-1
EVAL,13,19,228,2996.09,0.27808,35523,0.144636,-1
EVAL,13,20,317,2257.8,0.34992,34573,0.152898,-1
EVAL,13,21,267,2481.85,0.32448,35183,0.147278,-1
EVAL,13,22,1732,104.146,1.42016,24755,0.171644,-1
EVAL,13,23,128,4099.25,0.2128,32946,0.129613,-1
EVAL,13,24,206,3323.41,0.25488,33303,0.145667,-1
EVAL,13,25,331,2023.85,0.38112,31209,0.156936,-1
EVAL,13,26,12579,502.572,10.264,13834,0.180302,-1
EVAL,13,27,12528,498.091,9.81264,13808,0.181582,-1
EVAL,13,28,204,3042.19,0.27456,30013,0.158214,-1
EVAL,13,29,225,3335.77,0.25408,28633,0.163678,-1
EVAL,13,30,1739,83.1348,1.46384,18818,0.185962,-1
EVAL,13,31,507,1539.68,0.46736,22322,0.179191,-1
EVAL,13,32,320,2301.58,0.34464,23147,0.177563,-1
EVAL,13,33,236,3158.27,0.26608,22897,0.177108,-1
EVAL,13,34,153,4858.52,0.1832,21008,0.172957,-1
EVAL,13,35,128,5600.4,0.16128,19472,0.17234,-1
EVAL,13,36,155,4868.07,0.18288,18405,0.180205,-1
EVAL,13,37,591,1124.61,0.57984,14545,0.20138,-1
EVAL,13,38,164,4665.38,0.18992,16422,0.18736,-1
EVAL,13,39,212,3640.16,0.23584,15813,0.195304,-1
EVAL,13,40,1835,8.31207,1.69008,9964,0.218846,-1
EVAL,13,41,135,5944.5,0.1528,13709,0.192963,-1
EVAL,13,42,1723,73.3463,1.48512,8986,0.226192,-1
EVAL,13,43,11486,491.246,9.19504,5878,0.233942,-1
EVAL,13,44,253,3224.97,0.26144,11814,0.214451,-1
EVAL,13,45,128,6027.78,0.15088,10840,0.201564,-1
EVAL,13,46,139,5965.13,0.15232,10387,0.205475,-1
EVAL,13,47,128,6149.46,0.14816,9973,0.204498,-1
FRONT,13,0,1792,54.9303,1.52688,26579,0.211466,0
FRONT,13,1,132,5509.48,0.16368,23745,0.0577639,0
FRONT,13,2,291,2486.42,0.324,30125,0.125918,0
FRONT,13,3,507,1400,0.5,29665,0.165154,0
FRONT,13,4,128,4591.03,0.19264,25739,0.0690878,0
FRONT,13,5,497,1420.69,0.49488,30357,0.168293,0
FRONT,13,6,214,3421.88,0.24864,31577,0.118397,0
FRONT,13,7,276,2551.79,0.31728,32957,0.13764,0
FRONT,13,8,128,5307.37,0.16928,29502,0.0820771,0
FRONT,13,9,265,2545.45,0.31792,33852,0.138445,0
FRONT,13,10,1839,22.324,1.60688,27534,0.210422,0
FRONT,13,11,296,2480.34,0.32464,33608,0.150094,0
FRONT,13,12,251,2876.08,0.28768,34181,0.143758,0
FRONT,13,13,396,1759.38,0.42384,32004,0.166763,0
FRONT,13,14,12478,493.836,9.41936,17720,0.217083,0
FRONT,13,15,751,868.17,0.68112,28073,0.18669,0
FRONT,13,16,283,2410.6,0.33216,32764,0.154816,0
FRONT,13,17,671,990.331,0.6288,29607,0.17989,0
FRONT,13,18,560,1319.53,0.52096,31059,0.173497,0
FRONT,13,19,228,2996.09,0.27808,35523,0.144636,0
FRONT,13,20,317,2257.8,0.34992,34573,0.152898,0
FRONT,13,21,267,2481.85,0.32448,35183,0.147278,0
FRONT,13,22,1732,104.146,1.42016,24755,0.171644,0
FRONT,13,23,128,4099.25,0.2128,32946,0.129613,0
FRONT,13,24,206,3323.41,0.25488,33303,0.145667,0
FRONT,13,25,331,2023.85,0.38112,31209,0.156936,0
FRONT,13,26,12579,502.572,10.264,13834,0.180302,0
FRONT,13,27,12528,498.091,9.81264,13808,0.181582,0
FRONT,13,28,204,3042.19,0.27456,30013,0.158214,0
FRONT,13,29,225,3335.77,0.25408,28633,0.163678,0
FRONT,13,30,1739,83.1348,1.46384,18818,0.185962,0
FRONT,13,31,507,1539.68,0.46736,22322,0.179191,0
FRONT,13,32,320,2301.58,0.34464,23147,0.177563,0
FRONT,13,33,236,3158.27,0.26608,22897,0.177108,0
FRONT,13,34,153,4858.52,0.1832,21008,0.172957,0
FRONT,13,35,128,5600.4,0.16128,19472,0.17234,0
FRONT,13,36,155,4868.07,0.18288,18405,0.180205,0
FRONT,13,37,591,1124.61,0.57984,14545,0.20138,0
FRONT,13,38,164,4665.38,0.18992,16422,0.18736,0
FRONT,13,39,212,3640.16,0.23584,15813,0.195304,0
FRONT,13,40,1835,8.31207,1.69008,9964,0.218846,0
FRONT,13,41,135,5944.5,0.1528,13709,0.192963,0
FRONT,13,42,1723,73.3463,1.48512,8986,0.226192,0
FRONT,13,43,11486,491.246,9.19504,5878,0.233942,0
FRONT,13,44,253,3224.97,0.26144,11814,0.214451,0
FRONT,13,45,128,6027.78,0.15088,10840,0.201564,0
FRONT,13,46,139,5965.13,0.15232,10387,0.205475,0
FRONT,13,47,128,6149.46,0.14816,9973,0.204498,0
EVAL,14,0,283,2971.43,0.28,10153,0.221231,-1
EVAL,14,1,510,1416.78,0.49584,9092,0.228915,-1
EVAL,14,2,128,5944.5,0.1528,10729,0.204965,-1
EVAL,14,3,450,1541.14,0.46704,9924,0.227156,-1
EVAL,14,4,12534,518.546,12.2768,5192,0.241321,-1
EVAL,14,5,128,5335.42,0.16848,12264,0.204973,-1
EVAL,14,6,228,3027.39,0.27568,12666,0.219059,-1
EVAL,14,7,128,5681.41,0.1592,12213,0.207391,-1
EVAL,14,8,182,3893.17,0.22256,11906,0.217749,-1
EVAL,14,9,370,1882.13,0.40288,9903,0.232404,-1
EVAL,14,10,445,1453.22,0.48704,9221,0.235525,-1
EVAL,14,11,128,5810.26,0.156,10740,0.214199,-1
EVAL,14,12,128,6056.02,0.15024,10929,0.214874,-1
EVAL,14,13,356,2233.18,0.35296,9965,0.233828,-1
EVAL,14,14,132,6142.18,0.14832,10741,0.217256,-1
EVAL,14,15,256,3059.25,0.27328,10800,0.230204,-1
EVAL,14,16,344,2436.93,0.32928,9481,0.233895,-1
EVAL,14,17,751,757.81,0.73648,7477,0.238996,-1
EVAL,14,18,333,2353.69,0.33856,9931,0.230417,-1
EVAL,14,19,12585,512.433,11.4198,3744,0.235784,-1
EVAL,14,20,232,3506.44,0.24352,11550,0.216439,-1
EVAL,14,21,308,2754.8,0.29808,10597,0.211642,-1
EVAL,14,22,297,2646.75,0.308,10368,0.201993,-1
EVAL,14,23,128,6770.28,0.13568,10785,0.185945,-1
EVAL,14,24,12350,509.224,11.0162,2807,0.186703,-1
EVAL,14,25,507,1355.57,0.51136,7448,0.172062,-1
EVAL,14,26,1732,30.7832,1.7568,4554,0.162583,-1
EVAL,14,27,216,4612.68,0.19184,8742,0.147539,-1
EVAL,14,28,267,3213.3,0.26224,8357,0.134674,-1
EVAL,14,29,291,2945.09,0.28208,7478,0.121935,-1
EVAL,14,30,128,6567.43,0.13952,7483,0.109404,-1
EVAL,14,31,228,3919.16,0.22128,7163,0.0982097,-1
EVAL,14,32,183,4436.26,0.19856,6765,0.0873781,-1
EVAL,14,33,128,5575.89,0.16192,6379,0.0774609,-1
EVAL,14,34,12461,505.03,10.5296,1265,0.0686008,-1
EVAL,14,35,134,5050.99,0.17696,5422,0.0606219,-1
EVAL,14,36,12579,518.386,12.2528,984,0.0531627,-1
EVAL,14,37,1606,103.298,2.01328,2061,0.0469431,-1
EVAL,14,38,11549,515.183,11.7901,860,0.0413459,-1
EVAL,14,39,135,5563.71,0.16224,3762,0.0367702,-1
EVAL,14,40,128,5509.48,0.16368,3458,0.0322965,-1
EVAL,14,41,128,4053.76,0.21488,3131,0.0285569,-1
EVAL,14,42,534,1402.56,0.49936,2368,0.0282718,-1
EVAL,14,43,1818,164.62,1.30784,1178,0.0244629,-1
EVAL,14,44,132,5358.06,0.16784,2592,0.0218651,-1
EVAL,14,45,225,4026.2,0.21616,2606,0.0217265,-1
EVAL,14,46,605,1217.39,0.55024,1716,0.0189749,-1
EVAL,14,47,128,5290.67,0.16976,2354,0.0191306,-1
FRONT,14,0,283,2971.43,0.28,10153,0.221231,0
FRONT,14,1,510,1416.78,0.49584,9092,0.228915,0
FRONT,14,2,128,5944.5,0.1528,10729,0.204965,0
FRONT,14,3,450,1541.14,0.46704,9924,0.227156,0
FRONT,14,5,128,5335.42,0.16848,12264,0.204973,0
FRONT,14,6,228,3027.39,0.27568,12666,0.219059,0
FRONT,14,7,128,5681.41,0.1592,12213,0.207391,0
FRONT,14,8,182,3893.17,0.22256,11906,0.217749,0
FRONT,14,9,370,1882.13,0.40288,9903,0.232404,0
FRONT,14,10,445,1453.22,0.48704,9221,0.235525,0
FRONT,14,11,128,5810.26,0.156,10740,0.214199,0
FRONT,14,12,128,6056.02,0.15024,10929,0.214874,0
FRONT,14,13,356,2233.18,0.35296,9965,0.233828,0
FRONT,14,14,132,6142.18,0.14832,10741,0.217256,0
FRONT,14,15,256,3059.25,0.27328,10800,0.230204,0
FRONT,14,16,344,2436.93,0.32928,9481,0.233895,0
FRONT,14,17,751,757.81,0.73648,7477,0.238996,0
FRONT,14,18,333,2353.69,0.33856,9931,0.230417,0
FRONT,14,20,232,3506.44,0.24352,11550,0.216439,0
FRONT,14,21,308,2754.8,0.29808,10597,0.211642,0
FRONT,14,22,297,2646.75,0.308,10368,0.201993,0
FRONT,14,23,128,6770.28,0.13568,10785,0.185945,0
FRONT,14,25,507,1355.57,0.51136,7448,0.172062,0
FRONT,14,26,1732,30.7832,1.7568,4554,0.162583,0
FRONT,14,27,216,4612.68,0.19184,8742,0.147539,0
FRONT,14,28,267,3213.3,0.26224,8357,0.134674,0
FRONT,14,29,291,2945.09,0.28208,7478,0.121935,0
FRONT,14,30,128,6567.43,0.13952,7483,0.109404,0
FRONT,14,31,228,3919.16,0.22128,7163,0.0982097,0
FRONT,14,32,183,4436.26,0.19856,6765,0.0873781,0
FRONT,14,33,128,5575.89,0.16192,6379,0.0774609,0
FRONT,14,35,134,5050.99,0.17696,5422,0.0606219,0
FRONT,14,37,1606,103.298,2.01328,2061,0.0469431,0
FRONT,14,38,11549,515.183,11.7901,860,0.0413459,0
FRONT,14,39,135,5563.71,0.16224,3762,0.0367702,0
FRONT,14,40,128,5509.48,0.16368,3458,0.0322965,0
FRONT,14,41,128,4053.76,0.21488,3131,0.0285569,0
FRONT,14,42,534,1402.56,0.49936,2368,0.0282718,0
FRONT,14,43,1818,164.62,1.30784,1178,0.0244629,0
FRONT,14,44,132,5358.06,0.16784,2592,0.0218651,0
FRONT,14,45,225,4026.2,0.21616,2606,0.0217265,0
FRONT,14,46,605,1217.39,0.55024,1716,0.0189749,0
FRONT,14,47,128,5290.67,0.16976,2354,0.0191306,0
EVAL,15,0,280,3509.14,0.24336,2020,0.0166597,-1
EVAL,15,1,365,2215.32,0.3552,1588,0.0166186,-1
EVAL,15,2,298,3363.22,0.25232,1759,0.0144407,-1
EVAL,15,3,283,3378.36,0.25136,1850,0.0144525,-1
EVAL,15,4,183,4815.94,0.18464,1785,0.0129211,-1
EVAL,15,5,128,5527.45,0.1632,1781,0.012994,-1
EVAL,15,6,195,5010.41,0.17824,1603,0.0112821,-1
EVAL,15,7,424,2386.14,0.33488,1091,0.0111261,-1
EVAL,15,8,128,5732.32,0.15792,1466,0.00990785,-1
EVAL,15,9,128,5777.55,0.1568,1466,0.00990785,-1
EVAL,15,10,299,3338.25,0.25392,1202,0.00844526,-1
EVAL,15,11,351,3458.44,0.2464,1024,0.00842421,-1
EVAL,15,12,1709,254.526,1.17024,503,0.00730755,-1
EVAL,15,13,232,4196.62,0.20848,1105,0.00666168,-1
EVAL,15,14,1723,248.378,1.17872,432,0.00658489,-1
EVAL,15,15,1655,280.902,1.1352,444,0.00658549,-1
EVAL,15,16,543,1836.65,0.4104,779,0.00556954,-1
EVAL,15,17,183,5694.06,0.15888,928,0.00505125,-1
EVAL,15,18,234,4965.45,0.17968,928,0.00501815,-1
EVAL,15,19,262,4535.58,0.19472,839,0.0043541,-1
EVAL,15,20,172,5341.06,0.16832,926,0.00506044,-1
EVAL,15,21,793,1521.52,0.47136,617,0.0049899,-1
EVAL,15,22,315,3234.36,0.2608,799,0.00499078,-1
EVAL,15,23,175,5978.95,0.152,926,0.00505783,-1
EVAL,15,24,128,7371.94,0.12544,925,0.00507688,-1
EVAL,15,25,787,1530.92,0.46928,617,0.00499009,-1
EVAL,15,26,216,5050.99,0.17696,928,0.00502748,-1
EVAL,15,27,291,4127.69,0.21152,853,0.00499738,-1
EVAL,15,28,128,6518.45,0.14048,925,0.00507688,-1
EVAL,15,29,167,5268.54,0.1704,1019,0.0055663,-1
EVAL,15,30,383,3248.52,0.25984,782,0.00661184,-1
EVAL,15,31,132,6383.24,0.1432,1232,0.00745561,-1
EVAL,15,32,128,6559.22,0.13968,1232,0.00746632,-1
EVAL,15,33,135,6290.85,0.14512,1232,0.00744805,-1
EVAL,15,34,533,1439.15,0.4904,950,0.00735112,-1
EVAL,15,35,383,3269.97,0.2584,880,0.00731632,-1
EVAL,15,36,509,1965.68,0.38976,786,0.00729661,-1
EVAL,15,37,128,6526.57,0.14032,1232,0.00746632,-1
EVAL,15,38,448,2272.24,0.34816,796,0.00730401,-1
EVAL,15,39,434,2294.86,0.34544,838,0.00730613,-1
EVAL,15,40,128,6559.22,0.13968,1232,0.00746632,-1
EVAL,15,41,340,2977.56,0.27952,938,0.00732885,-1
EVAL,15,42,128,6567.43,0.13952,1232,0.00746632,-1
EVAL,15,43,293,3416.71,0.24896,1090,0.00734248,-1
EVAL,15,44,128,6430.37,0.14224,1232,0.00746632,-1
EVAL,15,45,370,3335.77,0.25408,887,0.00731956,-1
EVAL,15,46,398,2018.35,0.38192,868,0.0073129,-1
EVAL,15,47,1760,232.335,1.20144,502,0.00730713,-1
FRONT,15,0,280,3509.14,0.24336,2020,0.0166597,0
FRONT,15,1,365,2215.32,0.3552,1588,0.0166186,0
FRONT,15,2,298,3363.22,0.25232,1759,0.0144407,0
FRONT,15,3,283,3378.36,0.25136,1850,0.0144525,0
FRONT,15,4,183,4815.94,0.18464,1785,0.0129211,0
FRONT,15,5,128,5527.45,0.1632,1781,0.012994,0
FRONT,15,6,195,5010.41,0.17824,1603,0.0112821,0
FRONT,15,7,424,2386.14,0.33488,1091,0.0111261,0
FRONT,15,8,128,5732.32,0.15792,1466,0.00990785,0
FRONT,15,9,128,5777.55,0.1568,1466,0.00990785,0
FRONT,15,10,299,3338.25,0.25392,1202,0.00844526,0
FRONT,15,11,351,3458.44,0.2464,1024,0.00842421,0
FRONT,15,12,1709,254.526,1.17024,503,0.00730755,0
FRONT,15,13,232,4196.62,0.20848,1105,0.00666168,0
FRONT,15,14,1723,248.378,1.17872,432,0.00658489,0
FRONT,15,15,1655,280.902,1.1352,444,0.00658549,0
FRONT,15,16,543,1836.65,0.4104,779,0.00556954,0
FRONT,15,17,183,5694.06,0.15888,928,0.00505125,0
FRONT,15,18,234,4965.45,0.17968,928,0.00501815,0
FRONT,15,19,262,4535.58,0.19472,839,0.0043541,0
FRONT,15,20,172,5341.06,0.16832,926,0.00506044,0
FRONT,15,21,793,1521.52,0.47136,617,0.0049899,0
FRONT,15,22,315,3234.36,0.2608,799,0.00499078,0
FRONT,15,23,175,5978.95,0.152,926,0.00505783,0
FRONT,15,24,128,7371.94,0.12544,925,0.00507688,0
FRONT,15,25,787,1530.92,0.46928,617,0.00499009,0
FRONT,15,26,216,5050.99,0.17696,928,0.00502748,0
FRONT,15,27,291,4127.69,0.21152,853,0.00499738,0
FRONT,15,28,128,6518.45,0.14048,925,0.00507688,0
FRONT,15,29,167,5268.54,0.1704,1019,0.0055663,0
FRONT,15,30,383,3248.52,0.25984,782,0.00661184,0
FRONT,15,31,132,6383.24,0.1432,1232,0.00745561,0
FRONT,15,32,128,6559.22,0.13968,1232,0.00746632,0
FRONT,15,33,135,6290.85,0.14512,1232,0.00744805,0
FRONT,15,34,533,1439.15,0.4904,950,0.00735112,0
FRONT,15,35,383,3269.97,0.2584,880,0.00731632,0
FRONT,15,36,509,1965.68,0.38976,786,0.00729661,0
FRONT,15,37,128,6526.57,0.14032,1232,0.00746632,0
FRONT,15,38,448,2272.24,0.34816,796,0.00730401,0
FRONT,15,39,434,2294.86,0.34544,838,0.00730613,0
FRONT,15,40,128,6559.22,0.13968,1232,0.00746632,0
FRONT,15,41,340,2977.56,0.27952,938,0.00732885,0
FRONT,15,42,128,6567.43,0.13952,1232,0.00746632,0
FRONT,15,43,293,3416.71,0.24896,1090,0.00734248,0
FRONT,15,44,128,6430.37,0.14224,1232,0.00746632,0
FRONT,15,45,370,3335.77,0.25408,887,0.00731956,0
FRONT,15,46,398,2018.35,0.38192,868,0.0073129,0
FRONT,15,47,1760,232.335,1.20144,502,0.00730713,0
EVAL,16,0,419,2433.98,0.3296,837,0.00730877,-1
EVAL,16,1,291,3416.71,0.24896,1122,0.00734322,-1
EVAL,16,2,243,3725.26,0.2312,1234,0.00736322,-1
EVAL,16,3,315,3197.08,0.26336,1071,0.00733534,-1
EVAL,16,4,209,4569.56,0.19344,1234,0.00738736,-1
EVAL,16,5,198,4755.61,0.18672,1234,0.00739709,-1
EVAL,16,6,176,5890.13,0.15408,1234,0.00742514,-1
EVAL,16,7,128,6478.14,0.14128,1232,0.00746632,-1
EVAL,16,8,133,6329.05,0.14432,1232,0.00745327,-1
EVAL,16,9,671,1055.19,0.60416,871,0.00734223,-1
EVAL,16,10,136,6215.7,0.14672,1232,0.00744532,-1
EVAL,16,11,793,1513.63,0.47312,826,0.00733476,-1
EVAL,16,12,128,7271.54,0.12704,1232,0.00746632,-1
EVAL,16,13,203,4625.75,0.19136,1234,0.00739239,-1
EVAL,16,14,160,5533.46,0.16304,1234,0.00739088,-1
EVAL,16,15,476,2135.23,0.3656,786,0.00730002,-1
EVAL,16,16,128,7232.08,0.12768,1232,0.00746632,-1
EVAL,16,17,509,1976.26,0.38816,786,0.00729661,-1
EVAL,16,18,269,4408.01,0.19968,1233,0.00735105,-1
EVAL,16,19,128,7183.31,0.12848,1232,0.00746632,-1
EVAL,16,20,262,3798.31,0.22736,1234,0.00735412,-1
EVAL,16,21,1760,231.781,1.20224,502,0.00730713,-1
EVAL,16,22,262,3792.13,0.22768,1234,0.00735412,-1
EVAL,16,23,138,6912.02,0.13312,1232,0.00744106,-1
EVAL,16,24,1743,237.802,1.1936,503,0.00730724,-1
EVAL,16,25,128,7222.28,0.12784,1232,0.00746632,-1
EVAL,16,26,234,4160.09,0.21008,1234,0.00736883,-1
EVAL,16,27,128,7251.76,0.12736,1232,0.00746632,-1
EVAL,16,28,386,3227.31,0.26128,880,0.00731569,-1
EVAL,16,29,149,6770.28,0.13568,1234,0.00741542,-1
EVAL,16,30,161,5392.33,0.16688,1234,0.00738909,-1
EVAL,16,31,401,2523.44,0.32016,868,0.00731227,-1
EVAL,16,32,283,3530.87,0.24208,1173,0.0073459,-1
EVAL,16,33,227,5015.45,0.17808,1234,0.0073733,-1
EVAL,16,34,454,2787.53,0.2952,788,0.00730302,-1
EVAL,16,35,128,7193.02,0.12832,1232,0.00746632,-1
EVAL,16,36,721,1292.22,0.52848,831,0.00734028,-1
EVAL,16,37,460,2177.78,0.36,788,0.00730219,-1
EVAL,16,38,269,3637.29,0.236,1233,0.00735105,-1
EVAL,16,39,291,3432.26,0.248,1122,0.00734322,-1
EVAL,16,40,487,2064.11,0.37536,786,0.00729875,-1
EVAL,16,41,543,1832.85,0.41104,950,0.00735025,-1
EVAL,16,42,184,5005.38,0.1784,1234,0.00741381,-1
EVAL,16,43,281,3442.69,0.24736,1173,0.00734655,-1
EVAL,16,44,402,3048.57,0.27408,868,0.00731205,-1
EVAL,16,45,128,6462.15,0.1416,1232,0.00746632,-1
EVAL,16,46,509,2481.85,0.32448,786,0.00729661,-1
EVAL,16,47,210,5208.55,0.17216,1234,0.0073865,-1
FRONT,16,0,419,2433.98,0.3296,837,0.00730877,0
FRONT,16,1,291,3416.71,0.24896,1122,0.00734322,0
FRONT,16,2,243,3725.26,0.2312,1234,0.00736322,0
FRONT,16,3,315,3197.08,0.26336,1071,0.00733534,0
FRONT,16,4,209,4569.56,0.19344,1234,0.00738736,0
FRONT,16,5,198,4755.61,0.18672,1234,0.00739709,0
FRONT,16,6,176,5890.13,0.15408,1234,0.00742514,0
FRONT,16,7,128,6478.14,0.14128,1232,0.00746632,0
FRONT,16,8,133,6329.05,0.14432,1232,0.00745327,0
FRONT,16,9,671,1055.19,0.60416,871,0.00734223,0
FRONT,16,10,136,6215.7,0.14672,1232,0.00744532,0
FRONT,16,11,793,1513.63,0.47312,826,0.00733476,0
FRONT,16,12,128,7271.54,0.12704,1232,0.00746632,0
FRONT,16,13,203,4625.75,0.19136,1234,0.00739239,0
FRONT,16,14,160,5533.46,0.16304,1234,0.00739088,0
FRONT,16,15,476,2135.23,0.3656,786,0.00730002,0
FRONT,16,16,128,7232.08,0.12768,1232,0.00746632,0
FRONT,16,17,509,1976.26,0.38816,786,0.00729661,0
FRONT,16,18,269,4408.01,0.19968,1233,0.00735105,0
FRONT,16,19,128,7183.31,0.12848,1232,0.00746632,0
FRONT,16,20,262,3798.31,0.22736,1234,0.00735412,0
FRONT,16,21,1760,231.781,1.20224,502,0.00730713,0
FRONT,16,22,262,3792.13,0.22768,1234,0.00735412,0
FRONT,16,23,138,6912.02,0.13312,1232,0.00744106,0
FRONT,16,24,1743,237.802,1.1936,503,0.00730724,0
FRONT,16,25,128,7222.28,0.12784,1232,0.00746632,0
FRONT,16,26,234,4160.09,0.21008,1234,0.00736883,0
FRONT,16,27,128,7251.76,0.12736,1232,0.00746632,0
FRONT,16,28,386,3227.31,0.26128,880,0.00731569,0
FRONT,16,29,149,6770.28,0.13568,1234,0.00741542,0
FRONT,16,30,161,5392.33,0.16688,1234,0.00738909,0
FRONT,16,31,401,2523.44,0.32016,868,0.00731227,0
FRONT,16,32,283,3530.87,0.24208,1173,0.0073459,0
FRONT,16,33,227,5015.45,0.17808,1234,0.0073733,0
FRONT,16,34,454,2787.53,0.2952,788,0.00730302,0
FRONT,16,35,128,7193.02,0.12832,1232,0.00746632,0
FRONT,16,36,721,1292.22,0.52848,831,0.00734028,0
FRONT,16,37,460,2177.78,0.36,788,0.00730219,0
FRONT,16,38,269,3637.29,0.236,1233,0.00735105,0
FRONT,16,39,291,3432.26,0.248,1122,0.00734322,0
FRONT,16,40,487,2064.11,0.37536,786,0.00729875,0
FRONT,16,41,543,1832.85,0.41104,950,0.00735025,0
FRONT,16,42,184,5005.38,0.1784,1234,0.00741381,0
FRONT,16,43,281,3442.69,0.24736,1173,0.00734655,0
FRONT,16,44,402,3048.57,0.27408,868,0.00731205,0
FRONT,16,45,128,6462.15,0.1416,1232,0.00746632,0
FRONT,16,46,509,2481.85,0.32448,786,0.00729661,0
FRONT,16,47,210,5208.55,0.17216,1234,0.0073865,0
EVAL,17,0,128,6551.03,0.13984,1232,0.00746632,-1
EVAL,17,1,154,6478.14,0.14128,1234,0.00740351,-1
EVAL,17,2,621,1566.38,0.4616,877,0.00734482,-1
EVAL,17,3,322,3151.5,0.26656,1071,0.007333,-1
EVAL,17,4,128,6430.37,0.14224,1232,0.00746632,-1
EVAL,17,5,128,6494.21,0.14096,1232,0.00746632,-1
EVAL,17,6,543,2306.98,0.344,950,0.00735025,-1
EVAL,17,7,231,4106.33,0.21248,1234,0.0073708,-1
EVAL,17,8,403,2504.82,0.32208,868,0.00731171,-1
EVAL,17,9,291,4120.54,0.21184,1122,0.00734322,-1
EVAL,17,10,307,3306.25,0.256,1079,0.00733804,-1
